Ano,Localidade,Zona,Rede,Ed_Infantil_Total,Creche_Total,Pre_Escola_Total,Fundamental_Total,Fundamental_AI,Fundamental_AF,Fundamental_1ano,Fundamental_2ano,Fundamental_3ano,Fundamental_4ano,Fundamental_5ano,Fundamental_6ano,Fundamental_7ano,Fundamental_8ano,Fundamental_9ano,Medio_Total,Medio_1ano,Medio_2ano,Medio_3ano,Medio_4ano,Medio_Nao_Seriado
2024.0,Brasil,Total,Total,6.0,8.0,5.0,5.0,5.0,5.0,5.0,5.0,5.0,5.0,5.0,5.0,5.0,5.0,5.0,6.0,6.0,6.0,6.0,5.0,5.0
2024.0,Brasil,Urbana,Total,6.0,8.0,5.0,5.0,5.0,5.0,5.0,5.0,5.0,5.0,5.0,5.0,5.0,5.0,5.0,6.0,6.0,6.0,6.0,5.0,5.0
2024.0,Brasil,Rural,Total,5.0,6.0,5.0,5.0,5.0,5.0,5.0,5.0,5.0,5.0,5.0,5.0,5.0,5.0,5.0,6.0,6.0,6.0,6.0,9.0,5.0
2024.0,Brasil,Total,Federal,6.0,7.0,6.0,5.0,5.0,5.0,5.0,5.0,5.0,5.0,5.0,5.0,5.0,5.0,5.0,8.0,8.0,8.0,8.0,5.0,6.0
2024.0,Brasil,Urbana,Federal,6.0,7.0,6.0,5.0,5.0,5.0,5.0,5.0,5.0,5.0,5.0,5.0,5.0,5.0,5.0,7.0,8.0,8.0,7.0,5.0,6.0
2024.0,Brasil,Rural,Federal,4.0,4.0,4.0,5.0,5.0,5.0,5.0,5.0,5.0,5.0,5.0,5.0,5.0,5.0,5.0,9.0,9.0,9.0,8.0,6.0,8.0
2024.0,Brasil,Total,Estadual,5.0,7.0,5.0,5.0,5.0,6.0,5.0,5.0,5.0,5.0,5.0,6.0,6.0,6.0,5.0,6.0,6.0,6.0,6.0,4.0,5.0
2024.0,Brasil,Urbana,Estadual,5.0,8.0,5.0,5.0,5.0,6.0,5.0,5.0,5.0,5.0,5.0,6.0,6.0,6.0,6.0,6.0,6.0,6.0,6.0,4.0,5.0
2024.0,Brasil,Rural,Estadual,5.0,5.0,5.0,5.0,5.0,5.0,5.0,5.0,5.0,5.0,5.0,5.0,5.0,5.0,5.0,5.0,6.0,5.0,5.0,7.0,4.0
2024.0,Brasil,Total,Municipal,6.0,8.0,5.0,5.0,5.0,5.0,5.0,5.0,5.0,5.0,5.0,5.0,5.0,5.0,5.0,5.0,5.0,5.0,5.0,4.0,3.0
2024.0,Brasil,Urbana,Municipal,6.0,8.0,5.0,5.0,5.0,5.0,5.0,5.0,5.0,5.0,5.0,5.0,5.0,5.0,5.0,5.0,5.0,5.0,5.0,5.0,5.0
2024.0,Brasil,Rural,Municipal,5.0,6.0,5.0,5.0,5.0,5.0,5.0,5.0,5.0,5.0,5.0,5.0,5.0,5.0,5.0,4.0,5.0,4.0,4.0,3.0,3.0
2024.0,Brasil,Total,Privada,6.0,8.0,5.0,5.0,5.0,5.0,5.0,5.0,5.0,5.0,5.0,5.0,5.0,5.0,5.0,6.0,6.0,6.0,6.0,9.0,3.0
2024.0,Brasil,Urbana,Privada,7.0,8.0,5.0,5.0,5.0,5.0,5.0,5.0,5.0,5.0,5.0,5.0,5.0,5.0,5.0,6.0,6.0,6.0,6.0,4.0,3.0
2024.0,Brasil,Rural,Privada,6.0,7.0,5.0,5.0,5.0,6.0,4.0,5.0,5.0,5.0,5.0,6.0,6.0,7.0,7.0,10.0,10.0,10.0,10.0,14.0,7.0
2024.0,Brasil,Total,Pública,6.0,8.0,5.0,5.0,5.0,5.0,5.0,5.0,5.0,5.0,5.0,5.0,5.0,5.0,5.0,6.0,6.0,6.0,6.0,5.0,5.0
2024.0,Brasil,Urbana,Pública,6.0,8.0,5.0,5.0,5.0,5.0,5.0,5.0,5.0,5.0,5.0,5.0,5.0,6.0,5.0,6.0,6.0,6.0,6.0,5.0,5.0
2024.0,Brasil,Rural,Pública,5.0,6.0,5.0,5.0,5.0,5.0,5.0,5.0,5.0,5.0,5.0,5.0,5.0,5.0,5.0,6.0,6.0,6.0,6.0,6.0,5.0
2024.0,Norte,Total,Total,5.0,5.0,4.0,5.0,5.0,5.0,5.0,5.0,5.0,5.0,5.0,5.0,5.0,5.0,5.0,5.0,6.0,5.0,5.0,9.0,4.0
2024.0,Norte,Urbana,Total,5.0,6.0,4.0,5.0,5.0,5.0,5.0,5.0,5.0,5.0,5.0,5.0,5.0,5.0,5.0,5.0,6.0,5.0,5.0,5.0,4.0
2024.0,Norte,Rural,Total,4.0,4.0,4.0,5.0,5.0,5.0,4.0,5.0,5.0,5.0,5.0,5.0,5.0,5.0,5.0,5.0,5.0,5.0,5.0,14.0,4.0
2024.0,Norte,Total,Federal,4.0,7.0,4.0,5.0,4.0,5.0,4.0,4.0,4.0,5.0,4.0,5.0,5.0,5.0,5.0,8.0,8.0,8.0,8.0,6.0,5.0
2024.0,Norte,Urbana,Federal,4.0,7.0,4.0,5.0,4.0,5.0,4.0,4.0,4.0,5.0,4.0,5.0,5.0,5.0,5.0,8.0,8.0,8.0,8.0,6.0,5.0
2024.0,Norte,Rural,Federal,6.0,7.0,5.0,5.0,5.0,5.0,5.0,5.0,5.0,5.0,5.0,5.0,5.0,5.0,5.0,9.0,9.0,9.0,8.0,6.0,5.0
2024.0,Norte,Total,Estadual,7.0,10.0,6.0,5.0,5.0,5.0,5.0,5.0,5.0,5.0,5.0,5.0,5.0,5.0,5.0,5.0,5.0,5.0,5.0,5.0,4.0
2024.0,Norte,Urbana,Estadual,10.0,11.0,10.0,5.0,5.0,5.0,5.0,5.0,5.0,5.0,5.0,5.0,5.0,5.0,5.0,5.0,5.0,5.0,5.0,5.0,5.0
2024.0,Norte,Rural,Estadual,4.0,5.0,4.0,5.0,5.0,5.0,4.0,4.0,5.0,5.0,5.0,5.0,5.0,5.0,5.0,5.0,5.0,4.0,4.0,6.0,4.0
2024.0,Norte,Total,Municipal,5.0,5.0,4.0,5.0,5.0,5.0,5.0,5.0,5.0,5.0,5.0,5.0,5.0,5.0,5.0,10.0,9.0,10.0,10.0,6.0,5.0
2024.0,Norte,Urbana,Municipal,5.0,6.0,4.0,5.0,5.0,5.0,5.0,5.0,5.0,5.0,5.0,5.0,5.0,5.0,5.0,10.0,10.0,10.0,10.0,6.0,5.0
2024.0,Norte,Rural,Municipal,4.0,4.0,4.0,5.0,5.0,5.0,4.0,5.0,5.0,5.0,5.0,5.0,5.0,5.0,5.0,4.0,4.0,4.0,6.0,6.0,5.0
2024.0,Norte,Total,Privada,5.0,5.0,4.0,5.0,4.0,5.0,4.0,4.0,4.0,4.0,4.0,5.0,5.0,5.0,5.0,6.0,6.0,6.0,6.0,14.0,4.0
2024.0,Norte,Urbana,Privada,5.0,5.0,4.0,5.0,4.0,5.0,4.0,4.0,4.0,4.0,4.0,5.0,5.0,5.0,5.0,6.0,6.0,6.0,6.0,6.0,4.0
2024.0,Norte,Rural,Privada,4.0,4.0,4.0,6.0,5.0,7.0,5.0,6.0,6.0,6.0,5.0,6.0,6.0,7.0,7.0,11.0,11.0,10.0,10.0,14.0,8.0
2024.0,Norte,Total,Pública,5.0,6.0,4.0,5.0,5.0,5.0,5.0,5.0,5.0,5.0,5.0,5.0,5.0,5.0,5.0,5.0,5.0,5.0,5.0,5.0,4.0
2024.0,Norte,Urbana,Pública,5.0,6.0,4.0,5.0,5.0,5.0,5.0,5.0,5.0,5.0,5.0,5.0,5.0,5.0,5.0,5.0,6.0,5.0,5.0,5.0,5.0
2024.0,Norte,Rural,Pública,4.0,4.0,4.0,5.0,5.0,5.0,4.0,5.0,5.0,5.0,5.0,5.0,5.0,5.0,5.0,5.0,5.0,5.0,5.0,6.0,4.0
2024.0,Nordeste,Total,Total,5.0,6.0,5.0,5.0,5.0,6.0,5.0,5.0,5.0,5.0,5.0,5.0,5.0,6.0,6.0,6.0,7.0,6.0,6.0,6.0,5.0
2024.0,Nordeste,Urbana,Total,5.0,6.0,5.0,5.0,5.0,6.0,5.0,5.0,5.0,5.0,5.0,5.0,5.0,6.0,6.0,6.0,7.0,6.0,6.0,5.0,5.0
2024.0,Nordeste,Rural,Total,5.0,5.0,5.0,5.0,5.0,6.0,5.0,5.0,5.0,5.0,6.0,6.0,5.0,6.0,6.0,6.0,6.0,6.0,6.0,9.0,6.0
2024.0,Nordeste,Total,Federal,4.0,4.0,4.0,5.0,4.0,5.0,4.0,4.0,4.0,4.0,5.0,5.0,5.0,5.0,5.0,7.0,7.0,7.0,7.0,6.0,6.0
2024.0,Nordeste,Urbana,Federal,4.0,4.0,4.0,5.0,4.0,5.0,4.0,4.0,4.0,4.0,5.0,5.0,5.0,5.0,5.0,7.0,7.0,7.0,7.0,6.0,6.0
2024.0,Nordeste,Rural,Federal,6.0,7.0,5.0,5.0,5.0,5.0,5.0,5.0,5.0,5.0,5.0,5.0,5.0,5.0,5.0,8.0,8.0,8.0,8.0,5.0,7.0
2024.0,Nordeste,Total,Estadual,5.0,6.0,5.0,5.0,5.0,5.0,5.0,5.0,5.0,5.0,5.0,6.0,6.0,5.0,5.0,6.0,7.0,6.0,6.0,4.0,5.0
2024.0,Nordeste,Urbana,Estadual,6.0,7.0,5.0,5.0,5.0,5.0,5.0,5.0,5.0,5.0,5.0,6.0,6.0,5.0,5.0,7.0,7.0,7.0,6.0,4.0,5.0
2024.0,Nordeste,Rural,Estadual,5.0,5.0,5.0,5.0,4.0,5.0,4.0,4.0,4.0,4.0,4.0,5.0,5.0,5.0,5.0,6.0,6.0,6.0,6.0,4.0,5.0
2024.0,Nordeste,Total,Municipal,6.0,6.0,5.0,6.0,5.0,6.0,5.0,5.0,5.0,5.0,6.0,6.0,6.0,6.0,6.0,4.0,4.0,4.0,4.0,4.0,3.0
2024.0,Nordeste,Urbana,Municipal,6.0,7.0,5.0,6.0,5.0,6.0,5.0,5.0,5.0,5.0,6.0,6.0,6.0,6.0,6.0,4.0,4.0,4.0,4.0,4.0,5.0
2024.0,Nordeste,Rural,Municipal,5.0,5.0,5.0,5.0,5.0,6.0,5.0,5.0,5.0,5.0,6.0,6.0,5.0,6.0,6.0,4.0,4.0,4.0,4.0,3.0,3.0
2024.0,Nordeste,Total,Privada,5.0,5.0,4.0,4.0,4.0,5.0,4.0,4.0,4.0,4.0,4.0,5.0,5.0,5.0,5.0,6.0,6.0,6.0,6.0,12.0,3.0
2024.0,Nordeste,Urbana,Privada,5.0,5.0,4.0,4.0,4.0,5.0,4.0,4.0,4.0,4.0,4.0,5.0,5.0,5.0,5.0,6.0,6.0,6.0,6.0,5.0,3.0
2024.0,Nordeste,Rural,Privada,5.0,6.0,5.0,5.0,4.0,7.0,4.0,4.0,4.0,4.0,4.0,6.0,7.0,7.0,7.0,13.0,12.0,13.0,12.0,15.0,6.0
2024.0,Nordeste,Total,Pública,6.0,6.0,5.0,6.0,5.0,6.0,5.0,5.0,5.0,5.0,6.0,6.0,6.0,6.0,6.0,6.0,7.0,6.0,6.0,5.0,5.0
2024.0,Nordeste,Urbana,Pública,6.0,7.0,5.0,6.0,5.0,6.0,5.0,5.0,5.0,5.0,6.0,6.0,6.0,6.0,6.0,7.0,7.0,7.0,6.0,5.0,5.0
2024.0,Nordeste,Rural,Pública,5.0,5.0,5.0,5.0,5.0,6.0,5.0,5.0,5.0,5.0,6.0,6.0,5.0,6.0,6.0,6.0,6.0,6.0,6.0,4.0,6.0
2024.0,Sudeste,Total,Total,7.0,8.0,5.0,5.0,5.0,6.0,5.0,5.0,5.0,5.0,5.0,6.0,6.0,6.0,6.0,6.0,6.0,6.0,6.0,6.0,4.0
2024.0,Sudeste,Urbana,Total,7.0,8.0,5.0,5.0,5.0,6.0,5.0,5.0,5.0,5.0,5.0,6.0,6.0,6.0,6.0,6.0,6.0,6.0,6.0,5.0,4.0
2024.0,Sudeste,Rural,Total,6.0,8.0,5.0,5.0,5.0,6.0,5.0,5.0,5.0,5.0,5.0,6.0,6.0,6.0,5.0,7.0,7.0,7.0,6.0,9.0,6.0
2024.0,Sudeste,Total,Federal,7.0,8.0,7.0,5.0,5.0,5.0,5.0,5.0,5.0,5.0,5.0,5.0,5.0,5.0,5.0,8.0,8.0,8.0,8.0,6.0,6.0
2024.0,Sudeste,Urbana,Federal,7.0,8.0,7.0,5.0,5.0,5.0,5.0,5.0,5.0,5.0,5.0,5.0,5.0,5.0,5.0,8.0,8.0,8.0,8.0,6.0,6.0
2024.0,Sudeste,Rural,Federal,4.0,4.0,4.0,5.0,5.0,5.0,5.0,5.0,5.0,5.0,5.0,5.0,5.0,5.0,5.0,10.0,10.0,10.0,10.0,6.0,10.0
2024.0,Sudeste,Total,Estadual,7.0,8.0,6.0,6.0,5.0,6.0,5.0,5.0,5.0,5.0,5.0,6.0,6.0,6.0,6.0,6.0,6.0,6.0,5.0,4.0,5.0
2024.0,Sudeste,Urbana,Estadual,8.0,9.0,7.0,6.0,5.0,6.0,5.0,5.0,5.0,5.0,5.0,6.0,6.0,6.0,6.0,6.0,6.0,6.0,5.0,4.0,5.0
2024.0,Sudeste,Rural,Estadual,5.0,6.0,5.0,6.0,5.0,6.0,5.0,5.0,5.0,5.0,5.0,6.0,6.0,6.0,6.0,6.0,6.0,6.0,6.0,6.0,5.0
2024.0,Sudeste,Total,Municipal,6.0,8.0,5.0,5.0,5.0,5.0,5.0,5.0,5.0,5.0,5.0,5.0,5.0,5.0,5.0,5.0,5.0,5.0,5.0,4.0,5.0
2024.0,Sudeste,Urbana,Municipal,7.0,8.0,5.0,5.0,5.0,5.0,5.0,5.0,5.0,5.0,5.0,5.0,5.0,5.0,5.0,5.0,5.0,5.0,5.0,4.0,5.0
2024.0,Sudeste,Rural,Municipal,6.0,8.0,5.0,5.0,5.0,5.0,5.0,5.0,5.0,5.0,5.0,5.0,5.0,5.0,5.0,5.0,5.0,5.0,5.0,6.0,5.0
2024.0,Sudeste,Total,Privada,7.0,8.0,6.0,5.0,5.0,5.0,5.0,5.0,5.0,5.0,5.0,5.0,5.0,5.0,5.0,6.0,6.0,6.0,6.0,6.0,3.0
2024.0,Sudeste,Urbana,Privada,7.0,8.0,6.0,5.0,5.0,5.0,5.0,5.0,5.0,5.0,5.0,5.0,5.0,5.0,5.0,6.0,6.0,6.0,6.0,4.0,3.0
2024.0,Sudeste,Rural,Privada,6.0,7.0,5.0,5.0,5.0,6.0,5.0,5.0,5.0,5.0,5.0,6.0,6.0,6.0,6.0,10.0,10.0,10.0,9.0,10.0,5.0
2024.0,Sudeste,Total,Pública,6.0,8.0,5.0,5.0,5.0,6.0,5.0,5.0,5.0,5.0,5.0,6.0,6.0,6.0,6.0,6.0,6.0,6.0,5.0,6.0,6.0
2024.0,Sudeste,Urbana,Pública,7.0,8.0,5.0,5.0,5.0,6.0,5.0,5.0,5.0,5.0,5.0,6.0,6.0,6.0,6.0,6.0,6.0,6.0,5.0,6.0,6.0
2024.0,Sudeste,Rural,Pública,6.0,8.0,5.0,5.0,5.0,5.0,5.0,5.0,5.0,5.0,5.0,5.0,5.0,5.0,5.0,6.0,6.0,6.0,6.0,6.0,6.0
2024.0,Sul,Total,Total,7.0,9.0,6.0,5.0,5.0,5.0,5.0,5.0,5.0,5.0,5.0,5.0,5.0,5.0,5.0,5.0,5.0,5.0,5.0,5.0,4.0
2024.0,Sul,Urbana,Total,7.0,9.0,6.0,5.0,5.0,5.0,5.0,5.0,5.0,5.0,5.0,5.0,5.0,5.0,5.0,5.0,5.0,5.0,5.0,4.0,4.0
2024.0,Sul,Rural,Total,6.0,9.0,5.0,5.0,5.0,5.0,5.0,5.0,5.0,5.0,5.0,5.0,5.0,5.0,5.0,6.0,6.0,6.0,6.0,7.0,5.0
2024.0,Sul,Total,Federal,5.0,5.0,5.0,5.0,5.0,5.0,5.0,5.0,5.0,5.0,5.0,5.0,5.0,5.0,5.0,7.0,7.0,7.0,7.0,5.0,6.0
2024.0,Sul,Urbana,Federal,5.0,5.0,5.0,5.0,5.0,5.0,5.0,5.0,5.0,5.0,5.0,5.0,5.0,5.0,5.0,6.0,7.0,7.0,7.0,5.0,6.0
2024.0,Sul,Rural,Federal,6.0,7.0,5.0,5.0,5.0,5.0,5.0,5.0,5.0,5.0,5.0,5.0,5.0,5.0,5.0,8.0,8.0,8.0,8.0,7.0,5.0
2024.0,Sul,Total,Estadual,5.0,11.0,5.0,5.0,4.0,5.0,4.0,4.0,4.0,4.0,4.0,5.0,5.0,5.0,5.0,5.0,5.0,5.0,5.0,4.0,4.0
2024.0,Sul,Urbana,Estadual,7.0,11.0,6.0,5.0,4.0,5.0,4.0,4.0,4.0,4.0,4.0,5.0,5.0,5.0,5.0,5.0,5.0,5.0,5.0,4.0,4.0
2024.0,Sul,Rural,Estadual,4.0,7.0,4.0,5.0,4.0,5.0,4.0,4.0,4.0,4.0,4.0,5.0,5.0,5.0,5.0,6.0,6.0,6.0,6.0,8.0,5.0
2024.0,Sul,Total,Municipal,7.0,9.0,5.0,5.0,5.0,4.0,5.0,5.0,5.0,5.0,5.0,4.0,4.0,4.0,4.0,5.0,5.0,5.0,5.0,6.0,5.0
2024.0,Sul,Urbana,Municipal,7.0,9.0,6.0,5.0,5.0,4.0,5.0,5.0,5.0,5.0,5.0,4.0,4.0,4.0,4.0,5.0,5.0,5.0,5.0,6.0,5.0
2024.0,Sul,Rural,Municipal,6.0,9.0,5.0,5.0,5.0,5.0,5.0,5.0,5.0,5.0,5.0,5.0,5.0,5.0,5.0,6.0,6.0,6.0,6.0,4.0,5.0
2024.0,Sul,Total,Privada,8.0,9.0,7.0,5.0,5.0,5.0,5.0,5.0,5.0,5.0,5.0,5.0,5.0,5.0,5.0,6.0,6.0,6.0,6.0,6.0,3.0
2024.0,Sul,Urbana,Privada,8.0,9.0,7.0,5.0,5.0,5.0,5.0,5.0,5.0,5.0,5.0,5.0,5.0,5.0,5.0,5.0,6.0,6.0,6.0,6.0,3.0
2024.0,Sul,Rural,Privada,9.0,11.0,7.0,4.0,4.0,4.0,4.0,4.0,4.0,4.0,4.0,4.0,4.0,4.0,4.0,6.0,6.0,6.0,7.0,6.0,5.0
2024.0,Sul,Total,Pública,7.0,9.0,5.0,5.0,5.0,5.0,5.0,5.0,5.0,5.0,5.0,5.0,5.0,5.0,5.0,5.0,5.0,5.0,5.0,5.0,6.0
2024.0,Sul,Urbana,Pública,7.0,9.0,6.0,5.0,5.0,5.0,5.0,5.0,5.0,5.0,5.0,5.0,5.0,5.0,5.0,5.0,5.0,5.0,5.0,4.0,6.0
2024.0,Sul,Rural,Pública,6.0,9.0,5.0,5.0,5.0,5.0,5.0,5.0,5.0,5.0,5.0,5.0,5.0,5.0,5.0,6.0,6.0,6.0,6.0,7.0,5.0
2024.0,Centro-Oeste,Total,Total,6.0,8.0,5.0,5.0,5.0,5.0,5.0,5.0,5.0,5.0,5.0,5.0,5.0,5.0,5.0,6.0,6.0,5.0,5.0,5.0,4.0
2024.0,Centro-Oeste,Urbana,Total,6.0,8.0,5.0,5.0,5.0,5.0,5.0,5.0,5.0,5.0,5.0,5.0,5.0,5.0,5.0,5.0,6.0,5.0,5.0,4.0,4.0
2024.0,Centro-Oeste,Rural,Total,5.0,6.0,5.0,5.0,5.0,5.0,5.0,5.0,5.0,5.0,5.0,5.0,5.0,5.0,5.0,6.0,6.0,6.0,6.0,7.0,5.0
2024.0,Centro-Oeste,Total,Federal,7.0,7.0,7.0,5.0,5.0,5.0,5.0,5.0,5.0,5.0,5.0,5.0,5.0,5.0,5.0,8.0,8.0,8.0,8.0,5.0,6.0
2024.0,Centro-Oeste,Urbana,Federal,7.0,7.0,7.0,5.0,5.0,5.0,5.0,5.0,5.0,5.0,5.0,5.0,5.0,5.0,5.0,7.0,7.0,7.0,7.0,5.0,5.0
2024.0,Centro-Oeste,Rural,Federal,6.0,7.0,5.0,5.0,5.0,5.0,5.0,5.0,5.0,5.0,5.0,5.0,5.0,5.0,5.0,9.0,9.0,9.0,9.0,6.0,8.0
2024.0,Centro-Oeste,Total,Estadual,5.0,9.0,5.0,5.0,5.0,5.0,5.0,5.0,5.0,6.0,6.0,5.0,5.0,5.0,5.0,5.0,5.0,5.0,5.0,4.0,4.0
2024.0,Centro-Oeste,Urbana,Estadual,5.0,10.0,5.0,5.0,5.0,5.0,5.0,5.0,5.0,6.0,6.0,5.0,5.0,5.0,5.0,5.0,5.0,5.0,5.0,4.0,4.0
2024.0,Centro-Oeste,Rural,Estadual,6.0,7.0,6.0,5.0,5.0,5.0,5.0,5.0,5.0,5.0,5.0,5.0,5.0,5.0,5.0,5.0,5.0,5.0,5.0,7.0,4.0
2024.0,Centro-Oeste,Total,Municipal,6.0,8.0,5.0,5.0,5.0,5.0,5.0,5.0,5.0,5.0,5.0,5.0,5.0,5.0,5.0,6.0,6.0,6.0,6.0,6.0,5.0
2024.0,Centro-Oeste,Urbana,Municipal,6.0,8.0,5.0,5.0,5.0,5.0,5.0,5.0,5.0,5.0,5.0,5.0,5.0,5.0,4.0,6.0,6.0,5.0,5.0,6.0,5.0
2024.0,Centro-Oeste,Rural,Municipal,5.0,6.0,4.0,5.0,5.0,5.0,5.0,5.0,5.0,5.0,5.0,5.0,5.0,5.0,5.0,7.0,7.0,7.0,7.0,6.0,5.0
2024.0,Centro-Oeste,Total,Privada,6.0,7.0,5.0,5.0,5.0,5.0,4.0,5.0,5.0,5.0,5.0,5.0,5.0,5.0,5.0,6.0,6.0,6.0,6.0,5.0,3.0
2024.0,Centro-Oeste,Urbana,Privada,6.0,7.0,5.0,5.0,5.0,5.0,4.0,5.0,5.0,5.0,5.0,5.0,5.0,5.0,5.0,6.0,6.0,6.0,6.0,5.0,3.0
2024.0,Centro-Oeste,Rural,Privada,6.0,7.0,6.0,7.0,6.0,8.0,4.0,6.0,6.0,6.0,6.0,7.0,8.0,8.0,7.0,7.0,8.0,7.0,7.0,6.0,5.0
2024.0,Centro-Oeste,Total,Pública,6.0,8.0,5.0,5.0,5.0,5.0,5.0,5.0,5.0,5.0,5.0,5.0,5.0,5.0,5.0,5.0,6.0,5.0,5.0,4.0,5.0
2024.0,Centro-Oeste,Urbana,Pública,6.0,8.0,5.0,5.0,5.0,5.0,5.0,5.0,5.0,5.0,5.0,5.0,5.0,5.0,5.0,5.0,6.0,5.0,5.0,4.0,4.0
2024.0,Centro-Oeste,Rural,Pública,5.0,6.0,5.0,5.0,5.0,5.0,5.0,5.0,5.0,5.0,5.0,5.0,5.0,5.0,5.0,6.0,6.0,6.0,6.0,7.0,5.0
2024.0,Rondônia,Total,Total,4.0,5.0,4.0,4.0,4.0,4.0,4.0,4.0,4.0,4.0,4.0,4.0,4.0,4.0,4.0,6.0,6.0,6.0,6.0,15.0,4.0
2024.0,Rondônia,Urbana,Total,4.0,5.0,4.0,4.0,4.0,4.0,4.0,4.0,4.0,4.0,4.0,4.0,4.0,4.0,4.0,6.0,6.0,6.0,6.0,6.0,4.0
2024.0,Rondônia,Rural,Total,4.0,5.0,4.0,4.0,4.0,4.0,4.0,4.0,4.0,4.0,4.0,4.0,4.0,4.0,4.0,8.0,8.0,8.0,8.0,15.0,5.0
2024.0,Rondônia,Total,Federal,6.0,7.0,5.0,5.0,5.0,5.0,5.0,5.0,5.0,5.0,5.0,5.0,5.0,5.0,5.0,7.0,7.0,7.0,7.0,6.0,5.0
2024.0,Rondônia,Urbana,Federal,6.0,7.0,5.0,5.0,5.0,5.0,5.0,5.0,5.0,5.0,5.0,5.0,5.0,5.0,5.0,6.0,6.0,6.0,6.0,6.0,5.0
2024.0,Rondônia,Rural,Federal,6.0,7.0,5.0,5.0,5.0,5.0,5.0,5.0,5.0,5.0,5.0,5.0,5.0,5.0,5.0,10.0,10.0,10.0,10.0,6.0,5.0
2024.0,Rondônia,Total,Estadual,4.0,7.0,4.0,4.0,4.0,4.0,4.0,4.0,4.0,4.0,4.0,4.0,4.0,4.0,4.0,6.0,6.0,6.0,6.0,6.0,5.0
2024.0,Rondônia,Urbana,Estadual,4.0,7.0,4.0,4.0,4.0,4.0,4.0,4.0,4.0,4.0,4.0,4.0,4.0,4.0,4.0,6.0,6.0,6.0,6.0,6.0,5.0
2024.0,Rondônia,Rural,Estadual,6.0,7.0,5.0,4.0,4.0,4.0,4.0,4.0,4.0,4.0,4.0,4.0,4.0,4.0,4.0,5.0,5.0,6.0,5.0,6.0,5.0
2024.0,Rondônia,Total,Municipal,4.0,5.0,4.0,4.0,4.0,4.0,4.0,4.0,4.0,4.0,4.0,4.0,4.0,4.0,4.0,6.0,6.0,6.0,6.0,6.0,5.0
2024.0,Rondônia,Urbana,Municipal,4.0,5.0,4.0,4.0,4.0,4.0,4.0,4.0,4.0,4.0,4.0,5.0,4.0,4.0,4.0,6.0,6.0,6.0,6.0,6.0,5.0
2024.0,Rondônia,Rural,Municipal,4.0,5.0,4.0,4.0,4.0,4.0,4.0,4.0,4.0,4.0,4.0,4.0,4.0,4.0,4.0,6.0,6.0,6.0,6.0,6.0,5.0
2024.0,Rondônia,Total,Privada,5.0,5.0,4.0,5.0,4.0,5.0,4.0,4.0,4.0,4.0,4.0,5.0,5.0,5.0,5.0,7.0,7.0,7.0,7.0,15.0,4.0
2024.0,Rondônia,Urbana,Privada,5.0,5.0,4.0,5.0,4.0,5.0,4.0,4.0,4.0,4.0,4.0,5.0,5.0,5.0,5.0,6.0,6.0,6.0,6.0,6.0,4.0
2024.0,Rondônia,Rural,Privada,6.0,7.0,5.0,5.0,5.0,6.0,5.0,5.0,5.0,5.0,5.0,5.0,6.0,6.0,6.0,13.0,13.0,13.0,12.0,15.0,5.0
2024.0,Rondônia,Total,Pública,4.0,5.0,4.0,4.0,4.0,4.0,4.0,4.0,4.0,4.0,4.0,4.0,4.0,4.0,4.0,6.0,6.0,6.0,6.0,6.0,5.0
2024.0,Rondônia,Urbana,Pública,4.0,5.0,4.0,4.0,4.0,4.0,4.0,4.0,4.0,4.0,4.0,4.0,4.0,4.0,4.0,6.0,6.0,6.0,6.0,6.0,5.0
2024.0,Rondônia,Rural,Pública,4.0,5.0,4.0,4.0,4.0,4.0,4.0,4.0,4.0,4.0,4.0,4.0,4.0,4.0,4.0,7.0,7.0,7.0,7.0,6.0,5.0
2024.0,Acre,Total,Total,5.0,6.0,4.0,5.0,5.0,5.0,5.0,5.0,5.0,5.0,5.0,5.0,5.0,5.0,5.0,5.0,6.0,5.0,5.0,6.0,4.0
2024.0,Acre,Urbana,Total,5.0,6.0,4.0,5.0,5.0,5.0,5.0,5.0,5.0,5.0,5.0,5.0,5.0,5.0,5.0,6.0,6.0,6.0,5.0,6.0,4.0
2024.0,Acre,Rural,Total,4.0,4.0,4.0,4.0,4.0,4.0,4.0,4.0,4.0,4.0,4.0,4.0,4.0,4.0,4.0,4.0,5.0,4.0,4.0,6.0,4.0
2024.0,Acre,Total,Federal,4.0,7.0,4.0,4.0,4.0,4.0,4.0,4.0,4.0,4.0,4.0,4.0,4.0,4.0,4.0,6.0,6.0,6.0,6.0,6.0,5.0
2024.0,Acre,Urbana,Federal,4.0,7.0,4.0,4.0,4.0,4.0,4.0,4.0,4.0,4.0,4.0,4.0,4.0,4.0,4.0,6.0,6.0,6.0,6.0,6.0,5.0
2024.0,Acre,Rural,Federal,6.0,7.0,5.0,5.0,5.0,5.0,5.0,5.0,5.0,5.0,5.0,5.0,5.0,5.0,5.0,5.0,5.0,5.0,5.0,6.0,5.0
2024.0,Acre,Total,Estadual,4.0,4.0,4.0,5.0,5.0,5.0,5.0,5.0,5.0,5.0,5.0,5.0,5.0,5.0,5.0,5.0,6.0,6.0,5.0,6.0,4.0
2024.0,Acre,Urbana,Estadual,6.0,7.0,5.0,5.0,5.0,5.0,5.0,5.0,5.0,5.0,5.0,5.0,5.0,5.0,5.0,6.0,6.0,6.0,5.0,6.0,4.0
2024.0,Acre,Rural,Estadual,4.0,4.0,4.0,4.0,4.0,4.0,4.0,4.0,4.0,4.0,4.0,5.0,4.0,4.0,4.0,4.0,5.0,4.0,4.0,6.0,4.0
2024.0,Acre,Total,Municipal,5.0,6.0,4.0,5.0,5.0,4.0,4.0,5.0,5.0,5.0,5.0,4.0,4.0,4.0,4.0,6.0,6.0,6.0,6.0,6.0,5.0
2024.0,Acre,Urbana,Municipal,5.0,6.0,4.0,5.0,5.0,5.0,5.0,5.0,5.0,5.0,5.0,5.0,4.0,4.0,5.0,6.0,6.0,6.0,6.0,6.0,5.0
2024.0,Acre,Rural,Municipal,4.0,4.0,4.0,4.0,4.0,4.0,4.0,4.0,4.0,4.0,4.0,4.0,4.0,4.0,4.0,6.0,6.0,6.0,6.0,6.0,5.0
2024.0,Acre,Total,Privada,4.0,4.0,4.0,5.0,5.0,5.0,5.0,5.0,5.0,5.0,5.0,5.0,5.0,5.0,5.0,5.0,5.0,4.0,5.0,6.0,5.0
2024.0,Acre,Urbana,Privada,4.0,4.0,4.0,5.0,5.0,5.0,5.0,5.0,5.0,5.0,5.0,5.0,5.0,5.0,5.0,5.0,5.0,4.0,5.0,6.0,5.0
2024.0,Acre,Total,Pública,5.0,6.0,4.0,5.0,5.0,5.0,5.0,5.0,5.0,5.0,5.0,5.0,5.0,5.0,5.0,5.0,6.0,6.0,5.0,6.0,4.0
2024.0,Acre,Urbana,Pública,5.0,6.0,4.0,5.0,5.0,5.0,5.0,5.0,5.0,5.0,5.0,5.0,5.0,5.0,5.0,6.0,6.0,6.0,5.0,6.0,4.0
2024.0,Acre,Rural,Pública,4.0,4.0,4.0,4.0,4.0,4.0,4.0,4.0,4.0,4.0,4.0,4.0,4.0,4.0,4.0,4.0,5.0,4.0,4.0,6.0,4.0
2024.0,Amazonas,Total,Total,4.0,5.0,4.0,5.0,4.0,5.0,4.0,4.0,4.0,5.0,4.0,5.0,5.0,5.0,5.0,5.0,5.0,5.0,5.0,6.0,4.0
2024.0,Amazonas,Urbana,Total,4.0,5.0,4.0,5.0,4.0,5.0,4.0,4.0,4.0,5.0,4.0,5.0,5.0,5.0,5.0,5.0,5.0,5.0,5.0,6.0,4.0
2024.0,Amazonas,Rural,Total,4.0,4.0,4.0,4.0,4.0,4.0,4.0,4.0,4.0,5.0,4.0,4.0,4.0,4.0,4.0,4.0,4.0,4.0,4.0,6.0,5.0
2024.0,Amazonas,Total,Federal,6.0,7.0,5.0,5.0,5.0,5.0,5.0,5.0,5.0,5.0,5.0,5.0,5.0,6.0,6.0,10.0,10.0,10.0,10.0,6.0,5.0
2024.0,Amazonas,Urbana,Federal,6.0,7.0,5.0,5.0,5.0,5.0,5.0,5.0,5.0,5.0,5.0,5.0,5.0,6.0,6.0,10.0,10.0,10.0,10.0,6.0,5.0
2024.0,Amazonas,Rural,Federal,6.0,7.0,5.0,5.0,5.0,5.0,5.0,5.0,5.0,5.0,5.0,5.0,5.0,5.0,5.0,10.0,10.0,11.0,7.0,6.0,5.0
2024.0,Amazonas,Total,Estadual,6.0,7.0,5.0,5.0,5.0,5.0,5.0,5.0,5.0,5.0,5.0,5.0,5.0,5.0,5.0,5.0,5.0,5.0,5.0,6.0,5.0
2024.0,Amazonas,Urbana,Estadual,6.0,7.0,5.0,5.0,5.0,5.0,5.0,5.0,5.0,5.0,5.0,5.0,5.0,5.0,5.0,5.0,5.0,5.0,5.0,6.0,5.0
2024.0,Amazonas,Rural,Estadual,6.0,7.0,5.0,4.0,4.0,5.0,4.0,4.0,4.0,4.0,4.0,4.0,5.0,4.0,5.0,4.0,4.0,4.0,4.0,6.0,5.0
2024.0,Amazonas,Total,Municipal,4.0,5.0,4.0,4.0,4.0,4.0,4.0,4.0,4.0,5.0,4.0,5.0,4.0,4.0,4.0,6.0,6.0,6.0,6.0,6.0,5.0
2024.0,Amazonas,Urbana,Municipal,4.0,5.0,4.0,4.0,4.0,4.0,4.0,4.0,4.0,5.0,4.0,5.0,4.0,4.0,4.0,6.0,6.0,6.0,6.0,6.0,5.0
2024.0,Amazonas,Rural,Municipal,4.0,4.0,4.0,4.0,4.0,4.0,4.0,4.0,4.0,5.0,4.0,4.0,4.0,4.0,4.0,6.0,6.0,6.0,6.0,6.0,5.0
2024.0,Amazonas,Total,Privada,5.0,6.0,5.0,5.0,4.0,5.0,4.0,4.0,4.0,4.0,4.0,5.0,5.0,5.0,5.0,6.0,6.0,6.0,6.0,6.0,4.0
2024.0,Amazonas,Urbana,Privada,5.0,6.0,5.0,5.0,4.0,5.0,4.0,4.0,4.0,4.0,4.0,5.0,5.0,5.0,5.0,6.0,6.0,6.0,6.0,6.0,4.0
2024.0,Amazonas,Rural,Privada,4.0,4.0,4.0,5.0,4.0,5.0,4.0,4.0,4.0,4.0,4.0,5.0,5.0,5.0,5.0,6.0,6.0,6.0,6.0,6.0,5.0
2024.0,Amazonas,Total,Pública,4.0,5.0,4.0,5.0,4.0,5.0,4.0,4.0,4.0,5.0,4.0,5.0,5.0,5.0,5.0,5.0,5.0,5.0,5.0,6.0,5.0
2024.0,Amazonas,Urbana,Pública,4.0,5.0,4.0,5.0,5.0,5.0,4.0,4.0,4.0,5.0,4.0,5.0,5.0,5.0,5.0,5.0,5.0,5.0,5.0,6.0,5.0
2024.0,Amazonas,Rural,Pública,4.0,4.0,4.0,4.0,4.0,4.0,4.0,4.0,4.0,5.0,4.0,4.0,4.0,4.0,4.0,4.0,4.0,4.0,4.0,6.0,5.0
2024.0,Roraima,Total,Total,5.0,6.0,4.0,4.0,4.0,4.0,4.0,4.0,4.0,4.0,4.0,5.0,4.0,4.0,4.0,5.0,6.0,5.0,5.0,5.0,4.0
2024.0,Roraima,Urbana,Total,5.0,6.0,4.0,4.0,4.0,4.0,4.0,4.0,4.0,4.0,4.0,5.0,4.0,4.0,4.0,5.0,6.0,5.0,5.0,6.0,4.0
2024.0,Roraima,Rural,Total,4.0,4.0,4.0,4.0,4.0,4.0,4.0,4.0,4.0,4.0,4.0,5.0,4.0,4.0,4.0,5.0,5.0,5.0,5.0,5.0,5.0
2024.0,Roraima,Total,Federal,6.0,7.0,5.0,5.0,5.0,5.0,5.0,5.0,5.0,5.0,5.0,5.0,5.0,5.0,5.0,9.0,9.0,8.0,9.0,6.0,5.0
2024.0,Roraima,Urbana,Federal,6.0,7.0,5.0,5.0,5.0,5.0,5.0,5.0,5.0,5.0,5.0,5.0,5.0,5.0,5.0,9.0,9.0,8.0,9.0,6.0,5.0
2024.0,Roraima,Rural,Federal,6.0,7.0,5.0,5.0,5.0,5.0,5.0,5.0,5.0,5.0,5.0,5.0,5.0,5.0,5.0,9.0,9.0,8.0,8.0,6.0,5.0
2024.0,Roraima,Total,Estadual,6.0,7.0,5.0,4.0,4.0,4.0,4.0,4.0,4.0,4.0,4.0,5.0,4.0,4.0,4.0,5.0,5.0,5.0,5.0,6.0,5.0
2024.0,Roraima,Urbana,Estadual,6.0,7.0,5.0,4.0,4.0,4.0,4.0,5.0,5.0,5.0,4.0,5.0,4.0,4.0,4.0,5.0,5.0,5.0,5.0,6.0,5.0
2024.0,Roraima,Rural,Estadual,6.0,7.0,5.0,4.0,4.0,4.0,4.0,4.0,4.0,4.0,4.0,5.0,4.0,4.0,4.0,5.0,5.0,5.0,4.0,6.0,5.0
2024.0,Roraima,Total,Municipal,5.0,6.0,4.0,4.0,4.0,5.0,4.0,4.0,4.0,4.0,4.0,6.0,5.0,5.0,5.0,6.0,6.0,6.0,6.0,6.0,5.0
2024.0,Roraima,Urbana,Municipal,5.0,7.0,4.0,4.0,4.0,5.0,4.0,4.0,4.0,4.0,4.0,6.0,5.0,5.0,5.0,6.0,6.0,6.0,6.0,6.0,5.0
2024.0,Roraima,Rural,Municipal,4.0,4.0,4.0,4.0,4.0,5.0,4.0,4.0,5.0,4.0,4.0,5.0,5.0,5.0,5.0,6.0,6.0,6.0,6.0,6.0,5.0
2024.0,Roraima,Total,Privada,5.0,6.0,4.0,5.0,5.0,5.0,5.0,5.0,5.0,5.0,5.0,6.0,5.0,5.0,5.0,6.0,6.0,6.0,6.0,5.0,4.0
2024.0,Roraima,Urbana,Privada,5.0,6.0,4.0,5.0,5.0,5.0,5.0,5.0,5.0,5.0,5.0,6.0,5.0,5.0,5.0,6.0,6.0,6.0,6.0,6.0,4.0
2024.0,Roraima,Rural,Privada,6.0,7.0,5.0,5.0,5.0,5.0,5.0,5.0,5.0,5.0,5.0,5.0,5.0,5.0,5.0,5.0,5.0,5.0,5.0,5.0,5.0
2024.0,Roraima,Total,Pública,5.0,6.0,4.0,4.0,4.0,4.0,4.0,4.0,4.0,4.0,4.0,5.0,4.0,4.0,4.0,5.0,6.0,5.0,5.0,6.0,5.0
2024.0,Roraima,Urbana,Pública,5.0,7.0,4.0,4.0,4.0,4.0,4.0,4.0,4.0,4.0,4.0,5.0,4.0,4.0,4.0,5.0,6.0,5.0,5.0,6.0,5.0
2024.0,Roraima,Rural,Pública,4.0,4.0,4.0,4.0,4.0,4.0,4.0,4.0,4.0,4.0,4.0,5.0,4.0,4.0,4.0,5.0,5.0,5.0,5.0,6.0,5.0
2024.0,Pará,Total,Total,5.0,5.0,4.0,5.0,5.0,5.0,5.0,5.0,5.0,5.0,5.0,5.0,5.0,5.0,5.0,5.0,5.0,5.0,5.0,5.0,3.0
2024.0,Pará,Urbana,Total,5.0,6.0,4.0,5.0,5.0,5.0,5.0,5.0,5.0,5.0,5.0,5.0,5.0,5.0,5.0,5.0,5.0,5.0,5.0,5.0,3.0
2024.0,Pará,Rural,Total,4.0,5.0,4.0,5.0,5.0,5.0,4.0,5.0,5.0,5.0,5.0,5.0,5.0,5.0,5.0,5.0,5.0,4.0,4.0,6.0,14.0
2024.0,Pará,Total,Federal,4.0,7.0,4.0,5.0,4.0,5.0,4.0,4.0,4.0,4.0,4.0,5.0,5.0,5.0,5.0,6.0,6.0,6.0,6.0,6.0,5.0
2024.0,Pará,Urbana,Federal,4.0,7.0,4.0,5.0,4.0,5.0,4.0,4.0,4.0,4.0,4.0,5.0,5.0,5.0,5.0,6.0,6.0,6.0,6.0,6.0,5.0
2024.0,Pará,Rural,Federal,6.0,7.0,5.0,5.0,5.0,5.0,5.0,5.0,5.0,5.0,5.0,5.0,5.0,5.0,5.0,9.0,9.0,9.0,9.0,6.0,5.0
2024.0,Pará,Total,Estadual,10.0,11.0,9.0,5.0,5.0,5.0,5.0,5.0,5.0,6.0,6.0,5.0,5.0,5.0,5.0,5.0,5.0,5.0,5.0,5.0,5.0
2024.0,Pará,Urbana,Estadual,11.0,11.0,11.0,5.0,6.0,5.0,5.0,5.0,5.0,6.0,6.0,6.0,5.0,5.0,5.0,5.0,5.0,5.0,5.0,5.0,5.0
2024.0,Pará,Rural,Estadual,4.0,7.0,4.0,5.0,5.0,5.0,5.0,5.0,5.0,5.0,5.0,5.0,5.0,5.0,5.0,4.0,5.0,4.0,4.0,6.0,5.0
2024.0,Pará,Total,Municipal,5.0,5.0,4.0,5.0,5.0,5.0,5.0,5.0,5.0,5.0,5.0,5.0,5.0,5.0,5.0,10.0,9.0,10.0,10.0,6.0,5.0
2024.0,Pará,Urbana,Municipal,5.0,6.0,5.0,5.0,5.0,5.0,5.0,5.0,5.0,5.0,5.0,5.0,5.0,5.0,5.0,10.0,10.0,10.0,10.0,6.0,5.0
2024.0,Pará,Rural,Municipal,4.0,5.0,4.0,5.0,5.0,5.0,4.0,5.0,5.0,5.0,5.0,5.0,5.0,5.0,5.0,4.0,4.0,4.0,6.0,6.0,5.0
2024.0,Pará,Total,Privada,4.0,5.0,4.0,5.0,4.0,5.0,4.0,4.0,4.0,4.0,4.0,5.0,5.0,5.0,5.0,6.0,6.0,6.0,6.0,6.0,3.0
2024.0,Pará,Urbana,Privada,4.0,5.0,4.0,5.0,4.0,5.0,4.0,4.0,4.0,4.0,4.0,5.0,5.0,5.0,5.0,6.0,6.0,6.0,6.0,6.0,3.0
2024.0,Pará,Rural,Privada,4.0,4.0,4.0,5.0,4.0,6.0,4.0,4.0,4.0,4.0,4.0,5.0,6.0,6.0,7.0,10.0,10.0,9.0,10.0,6.0,14.0
2024.0,Pará,Total,Pública,5.0,5.0,4.0,5.0,5.0,5.0,5.0,5.0,5.0,5.0,5.0,5.0,5.0,5.0,5.0,5.0,5.0,5.0,5.0,5.0,5.0
2024.0,Pará,Urbana,Pública,5.0,6.0,5.0,5.0,5.0,5.0,5.0,5.0,5.0,5.0,5.0,5.0,5.0,5.0,5.0,5.0,5.0,5.0,5.0,5.0,5.0
2024.0,Pará,Rural,Pública,4.0,5.0,4.0,5.0,5.0,5.0,4.0,5.0,5.0,5.0,5.0,5.0,5.0,5.0,5.0,4.0,5.0,4.0,4.0,6.0,5.0
2024.0,Amapá,Total,Total,5.0,5.0,5.0,5.0,5.0,6.0,5.0,5.0,5.0,5.0,5.0,6.0,6.0,6.0,6.0,7.0,7.0,7.0,7.0,6.0,7.0
2024.0,Amapá,Urbana,Total,5.0,5.0,5.0,5.0,5.0,6.0,5.0,5.0,5.0,5.0,5.0,6.0,6.0,6.0,6.0,7.0,7.0,7.0,7.0,6.0,5.0
2024.0,Amapá,Rural,Total,5.0,5.0,5.0,5.0,5.0,5.0,5.0,5.0,5.0,5.0,5.0,5.0,5.0,5.0,5.0,6.0,6.0,6.0,6.0,6.0,7.0
2024.0,Amapá,Total,Federal,6.0,7.0,5.0,5.0,5.0,5.0,5.0,5.0,5.0,5.0,5.0,5.0,5.0,5.0,5.0,8.0,8.0,7.0,7.0,6.0,5.0
2024.0,Amapá,Urbana,Federal,6.0,7.0,5.0,5.0,5.0,5.0,5.0,5.0,5.0,5.0,5.0,5.0,5.0,5.0,5.0,8.0,8.0,7.0,7.0,6.0,5.0
2024.0,Amapá,Total,Estadual,4.0,5.0,4.0,6.0,5.0,6.0,5.0,5.0,5.0,5.0,5.0,6.0,6.0,6.0,6.0,7.0,7.0,7.0,7.0,6.0,5.0
2024.0,Amapá,Urbana,Estadual,6.0,7.0,5.0,6.0,5.0,6.0,5.0,5.0,5.0,5.0,5.0,6.0,6.0,6.0,6.0,7.0,7.0,7.0,7.0,6.0,5.0
2024.0,Amapá,Rural,Estadual,4.0,5.0,4.0,5.0,5.0,5.0,5.0,5.0,5.0,5.0,5.0,5.0,5.0,5.0,5.0,6.0,6.0,6.0,6.0,6.0,5.0
2024.0,Amapá,Total,Municipal,5.0,5.0,5.0,5.0,5.0,5.0,5.0,5.0,5.0,5.0,5.0,5.0,5.0,5.0,5.0,6.0,6.0,6.0,6.0,6.0,5.0
2024.0,Amapá,Urbana,Municipal,5.0,5.0,5.0,5.0,5.0,5.0,5.0,5.0,5.0,5.0,5.0,5.0,5.0,5.0,5.0,6.0,6.0,6.0,6.0,6.0,5.0
2024.0,Amapá,Rural,Municipal,5.0,5.0,5.0,5.0,5.0,5.0,5.0,5.0,5.0,5.0,5.0,5.0,5.0,5.0,5.0,6.0,6.0,6.0,6.0,6.0,5.0
2024.0,Amapá,Total,Privada,4.0,4.0,4.0,5.0,5.0,5.0,5.0,5.0,5.0,5.0,5.0,5.0,5.0,5.0,5.0,6.0,6.0,6.0,7.0,6.0,8.0
2024.0,Amapá,Urbana,Privada,4.0,4.0,4.0,5.0,5.0,5.0,5.0,5.0,5.0,5.0,5.0,5.0,5.0,5.0,5.0,6.0,6.0,6.0,6.0,6.0,5.0
2024.0,Amapá,Rural,Privada,6.0,7.0,5.0,8.0,5.0,8.0,5.0,5.0,5.0,5.0,5.0,7.0,8.0,8.0,8.0,10.0,11.0,10.0,11.0,6.0,8.0
2024.0,Amapá,Total,Pública,5.0,5.0,5.0,5.0,5.0,6.0,5.0,5.0,5.0,5.0,5.0,6.0,6.0,6.0,6.0,7.0,7.0,7.0,7.0,6.0,5.0
2024.0,Amapá,Urbana,Pública,5.0,5.0,5.0,6.0,5.0,6.0,5.0,5.0,5.0,5.0,5.0,6.0,6.0,6.0,6.0,7.0,7.0,7.0,7.0,6.0,5.0
2024.0,Amapá,Rural,Pública,5.0,5.0,5.0,5.0,5.0,5.0,5.0,5.0,5.0,5.0,5.0,5.0,5.0,5.0,5.0,6.0,6.0,6.0,6.0,6.0,5.0
2024.0,Tocantins,Total,Total,5.0,6.0,5.0,6.0,6.0,6.0,6.0,6.0,6.0,6.0,6.0,6.0,6.0,6.0,6.0,6.0,6.0,6.0,5.0,6.0,3.0
2024.0,Tocantins,Urbana,Total,5.0,6.0,5.0,6.0,6.0,6.0,6.0,6.0,6.0,6.0,6.0,6.0,6.0,6.0,6.0,6.0,6.0,6.0,5.0,6.0,3.0
2024.0,Tocantins,Rural,Total,5.0,5.0,5.0,6.0,6.0,6.0,6.0,6.0,6.0,6.0,6.0,6.0,6.0,6.0,6.0,7.0,7.0,7.0,7.0,6.0,5.0
2024.0,Tocantins,Total,Federal,6.0,7.0,5.0,5.0,5.0,5.0,5.0,5.0,5.0,5.0,5.0,5.0,5.0,5.0,5.0,10.0,10.0,10.0,10.0,6.0,5.0
2024.0,Tocantins,Urbana,Federal,6.0,7.0,5.0,5.0,5.0,5.0,5.0,5.0,5.0,5.0,5.0,5.0,5.0,5.0,5.0,10.0,10.0,10.0,10.0,6.0,5.0
2024.0,Tocantins,Rural,Federal,6.0,7.0,5.0,5.0,5.0,5.0,5.0,5.0,5.0,5.0,5.0,5.0,5.0,5.0,5.0,10.0,10.0,10.0,10.0,6.0,5.0
2024.0,Tocantins,Total,Estadual,6.0,7.0,5.0,6.0,5.0,6.0,5.0,5.0,5.0,5.0,5.0,6.0,6.0,6.0,6.0,6.0,6.0,5.0,5.0,6.0,5.0
2024.0,Tocantins,Urbana,Estadual,6.0,7.0,5.0,6.0,6.0,6.0,4.0,4.0,5.0,6.0,6.0,6.0,6.0,6.0,6.0,5.0,6.0,5.0,5.0,6.0,5.0
2024.0,Tocantins,Rural,Estadual,6.0,7.0,5.0,5.0,5.0,6.0,5.0,5.0,5.0,5.0,5.0,5.0,6.0,6.0,6.0,7.0,7.0,6.0,7.0,6.0,5.0
2024.0,Tocantins,Total,Municipal,6.0,6.0,5.0,6.0,6.0,6.0,6.0,6.0,6.0,6.0,6.0,6.0,6.0,6.0,6.0,6.0,6.0,6.0,6.0,6.0,5.0
2024.0,Tocantins,Urbana,Municipal,6.0,6.0,5.0,6.0,6.0,6.0,6.0,6.0,6.0,6.0,6.0,6.0,6.0,6.0,6.0,6.0,6.0,6.0,6.0,6.0,5.0
2024.0,Tocantins,Rural,Municipal,5.0,5.0,5.0,6.0,6.0,6.0,6.0,6.0,6.0,6.0,6.0,6.0,6.0,6.0,6.0,6.0,6.0,6.0,6.0,6.0,5.0
2024.0,Tocantins,Total,Privada,5.0,5.0,5.0,5.0,4.0,5.0,4.0,4.0,5.0,4.0,4.0,5.0,5.0,5.0,5.0,6.0,6.0,6.0,6.0,6.0,3.0
2024.0,Tocantins,Urbana,Privada,5.0,5.0,5.0,5.0,4.0,5.0,4.0,4.0,4.0,4.0,4.0,5.0,5.0,5.0,5.0,6.0,6.0,6.0,6.0,6.0,3.0
2024.0,Tocantins,Rural,Privada,4.0,7.0,4.0,9.0,8.0,10.0,5.0,8.0,9.0,9.0,9.0,10.0,9.0,10.0,10.0,10.0,10.0,10.0,10.0,6.0,5.0
2024.0,Tocantins,Total,Pública,6.0,6.0,5.0,6.0,6.0,6.0,6.0,6.0,6.0,6.0,6.0,6.0,6.0,6.0,6.0,6.0,6.0,6.0,5.0,6.0,5.0
2024.0,Tocantins,Urbana,Pública,6.0,6.0,5.0,6.0,6.0,6.0,6.0,6.0,6.0,6.0,6.0,6.0,6.0,6.0,6.0,6.0,6.0,6.0,5.0,6.0,5.0
2024.0,Tocantins,Rural,Pública,5.0,5.0,5.0,6.0,6.0,6.0,6.0,6.0,6.0,6.0,6.0,6.0,6.0,6.0,6.0,7.0,7.0,7.0,7.0,6.0,5.0
2024.0,Maranhão,Total,Total,5.0,5.0,4.0,6.0,5.0,6.0,5.0,5.0,5.0,5.0,5.0,6.0,6.0,6.0,6.0,6.0,6.0,6.0,6.0,4.0,4.0
2024.0,Maranhão,Urbana,Total,5.0,5.0,4.0,6.0,5.0,6.0,5.0,5.0,5.0,5.0,5.0,6.0,6.0,6.0,6.0,6.0,6.0,6.0,6.0,4.0,4.0
2024.0,Maranhão,Rural,Total,4.0,4.0,4.0,6.0,5.0,6.0,5.0,5.0,5.0,6.0,6.0,6.0,6.0,6.0,6.0,6.0,6.0,5.0,5.0,4.0,3.0
2024.0,Maranhão,Total,Federal,6.0,7.0,5.0,5.0,5.0,5.0,4.0,4.0,4.0,5.0,5.0,5.0,5.0,5.0,5.0,6.0,6.0,6.0,6.0,5.0,5.0
2024.0,Maranhão,Urbana,Federal,6.0,7.0,5.0,5.0,5.0,5.0,4.0,4.0,4.0,5.0,5.0,5.0,5.0,5.0,5.0,6.0,6.0,6.0,6.0,5.0,5.0
2024.0,Maranhão,Rural,Federal,6.0,7.0,5.0,5.0,5.0,5.0,5.0,5.0,5.0,5.0,5.0,5.0,5.0,5.0,5.0,7.0,7.0,7.0,7.0,6.0,5.0
2024.0,Maranhão,Total,Estadual,9.0,9.0,8.0,4.0,4.0,4.0,5.0,4.0,4.0,4.0,4.0,4.0,4.0,4.0,4.0,6.0,6.0,6.0,6.0,6.0,5.0
2024.0,Maranhão,Urbana,Estadual,9.0,9.0,8.0,5.0,8.0,5.0,9.0,8.0,9.0,8.0,7.0,5.0,5.0,5.0,4.0,6.0,6.0,6.0,6.0,6.0,5.0
2024.0,Maranhão,Rural,Estadual,4.0,7.0,4.0,4.0,4.0,4.0,4.0,4.0,4.0,4.0,4.0,4.0,4.0,4.0,4.0,5.0,5.0,5.0,5.0,6.0,5.0
2024.0,Maranhão,Total,Municipal,5.0,5.0,4.0,6.0,6.0,6.0,5.0,5.0,6.0,6.0,6.0,6.0,6.0,6.0,6.0,4.0,4.0,4.0,4.0,3.0,3.0
2024.0,Maranhão,Urbana,Municipal,5.0,5.0,5.0,6.0,6.0,6.0,5.0,6.0,6.0,6.0,6.0,6.0,6.0,6.0,6.0,4.0,4.0,4.0,4.0,3.0,5.0
2024.0,Maranhão,Rural,Municipal,4.0,4.0,4.0,6.0,5.0,6.0,5.0,5.0,6.0,6.0,6.0,6.0,6.0,6.0,6.0,4.0,4.0,3.0,4.0,4.0,3.0
2024.0,Maranhão,Total,Privada,5.0,5.0,5.0,5.0,4.0,5.0,4.0,4.0,4.0,4.0,4.0,5.0,5.0,5.0,5.0,6.0,6.0,6.0,6.0,3.0,3.0
2024.0,Maranhão,Urbana,Privada,5.0,5.0,4.0,5.0,4.0,5.0,4.0,4.0,4.0,4.0,4.0,5.0,5.0,5.0,5.0,6.0,6.0,6.0,6.0,3.0,3.0
2024.0,Maranhão,Rural,Privada,5.0,5.0,5.0,5.0,4.0,6.0,4.0,4.0,4.0,4.0,4.0,6.0,6.0,6.0,6.0,12.0,12.0,12.0,12.0,6.0,6.0
2024.0,Maranhão,Total,Pública,5.0,5.0,4.0,6.0,6.0,6.0,5.0,5.0,6.0,6.0,6.0,6.0,6.0,6.0,6.0,6.0,6.0,6.0,6.0,4.0,5.0
2024.0,Maranhão,Urbana,Pública,5.0,5.0,5.0,6.0,6.0,6.0,5.0,6.0,6.0,6.0,6.0,6.0,6.0,6.0,6.0,6.0,6.0,6.0,6.0,5.0,5.0
2024.0,Maranhão,Rural,Pública,4.0,4.0,4.0,6.0,5.0,6.0,5.0,5.0,5.0,6.0,6.0,6.0,6.0,6.0,6.0,5.0,6.0,5.0,5.0,4.0,3.0
2024.0,Piauí,Total,Total,5.0,5.0,5.0,6.0,6.0,6.0,6.0,6.0,6.0,6.0,6.0,6.0,6.0,6.0,6.0,7.0,8.0,7.0,7.0,6.0,6.0
2024.0,Piauí,Urbana,Total,5.0,5.0,5.0,6.0,6.0,6.0,6.0,6.0,6.0,6.0,6.0,6.0,6.0,6.0,6.0,7.0,8.0,7.0,7.0,6.0,6.0
2024.0,Piauí,Rural,Total,6.0,6.0,5.0,6.0,6.0,6.0,6.0,6.0,6.0,6.0,6.0,6.0,6.0,6.0,6.0,6.0,6.0,6.0,6.0,6.0,6.0
2024.0,Piauí,Total,Federal,6.0,7.0,5.0,5.0,5.0,5.0,5.0,5.0,5.0,5.0,5.0,5.0,5.0,5.0,5.0,6.0,6.0,6.0,6.0,6.0,6.0
2024.0,Piauí,Urbana,Federal,6.0,7.0,5.0,5.0,5.0,5.0,5.0,5.0,5.0,5.0,5.0,5.0,5.0,5.0,5.0,6.0,6.0,6.0,6.0,6.0,6.0
2024.0,Piauí,Rural,Federal,6.0,7.0,5.0,5.0,5.0,5.0,5.0,5.0,5.0,5.0,5.0,5.0,5.0,5.0,5.0,6.0,5.0,5.0,5.0,6.0,6.0
2024.0,Piauí,Total,Estadual,6.0,7.0,5.0,6.0,6.0,6.0,4.0,6.0,6.0,6.0,6.0,6.0,6.0,6.0,6.0,8.0,8.0,7.0,7.0,6.0,5.0
2024.0,Piauí,Urbana,Estadual,6.0,7.0,5.0,6.0,6.0,6.0,4.0,6.0,6.0,6.0,6.0,6.0,6.0,6.0,6.0,8.0,8.0,7.0,7.0,6.0,5.0
2024.0,Piauí,Rural,Estadual,6.0,7.0,5.0,8.0,5.0,8.0,5.0,5.0,5.0,5.0,5.0,8.0,8.0,9.0,7.0,6.0,7.0,6.0,6.0,6.0,5.0
2024.0,Piauí,Total,Municipal,6.0,6.0,5.0,6.0,6.0,6.0,6.0,6.0,6.0,6.0,6.0,6.0,6.0,6.0,6.0,6.0,6.0,6.0,6.0,6.0,5.0
2024.0,Piauí,Urbana,Municipal,6.0,6.0,6.0,6.0,6.0,6.0,6.0,6.0,6.0,6.0,6.0,6.0,6.0,6.0,6.0,6.0,6.0,6.0,6.0,6.0,5.0
2024.0,Piauí,Rural,Municipal,6.0,6.0,5.0,6.0,6.0,6.0,6.0,6.0,6.0,6.0,6.0,6.0,6.0,6.0,6.0,6.0,6.0,6.0,6.0,6.0,5.0
2024.0,Piauí,Total,Privada,4.0,4.0,4.0,5.0,4.0,6.0,4.0,4.0,4.0,5.0,5.0,5.0,5.0,6.0,6.0,7.0,7.0,7.0,7.0,6.0,3.0
2024.0,Piauí,Urbana,Privada,4.0,4.0,4.0,5.0,4.0,5.0,4.0,4.0,4.0,5.0,5.0,5.0,5.0,6.0,6.0,7.0,7.0,7.0,7.0,6.0,3.0
2024.0,Piauí,Rural,Privada,6.0,7.0,5.0,9.0,5.0,9.0,5.0,5.0,5.0,5.0,5.0,9.0,9.0,9.0,9.0,9.0,9.0,9.0,9.0,6.0,5.0
2024.0,Piauí,Total,Pública,6.0,6.0,5.0,6.0,6.0,6.0,6.0,6.0,6.0,6.0,6.0,6.0,6.0,6.0,6.0,7.0,8.0,7.0,7.0,6.0,6.0
2024.0,Piauí,Urbana,Pública,6.0,6.0,6.0,6.0,6.0,6.0,6.0,6.0,6.0,6.0,6.0,6.0,6.0,6.0,6.0,7.0,8.0,7.0,7.0,6.0,6.0
2024.0,Piauí,Rural,Pública,6.0,6.0,5.0,6.0,6.0,6.0,6.0,6.0,6.0,6.0,6.0,6.0,6.0,6.0,6.0,6.0,6.0,6.0,6.0,6.0,6.0
2024.0,Ceará,Total,Total,5.0,6.0,5.0,6.0,6.0,7.0,5.0,6.0,5.0,5.0,6.0,6.0,6.0,7.0,8.0,7.0,7.0,7.0,7.0,4.0,7.0
2024.0,Ceará,Urbana,Total,5.0,6.0,5.0,6.0,6.0,7.0,5.0,6.0,5.0,5.0,6.0,6.0,6.0,7.0,8.0,7.0,7.0,7.0,7.0,4.0,7.0
2024.0,Ceará,Rural,Total,5.0,5.0,5.0,6.0,6.0,7.0,6.0,6.0,6.0,6.0,6.0,6.0,6.0,7.0,8.0,8.0,8.0,8.0,7.0,6.0,5.0
2024.0,Ceará,Total,Federal,4.0,4.0,4.0,5.0,5.0,5.0,5.0,5.0,5.0,5.0,5.0,5.0,5.0,5.0,5.0,10.0,10.0,10.0,9.0,6.0,9.0
2024.0,Ceará,Urbana,Federal,4.0,4.0,4.0,5.0,5.0,5.0,5.0,5.0,5.0,5.0,5.0,5.0,5.0,5.0,5.0,9.0,10.0,10.0,9.0,6.0,9.0
2024.0,Ceará,Rural,Federal,6.0,7.0,5.0,5.0,5.0,5.0,5.0,5.0,5.0,5.0,5.0,5.0,5.0,5.0,5.0,10.0,10.0,10.0,10.0,6.0,5.0
2024.0,Ceará,Total,Estadual,4.0,4.0,4.0,4.0,4.0,4.0,4.0,4.0,4.0,4.0,4.0,4.0,4.0,4.0,5.0,7.0,8.0,7.0,7.0,4.0,5.0
2024.0,Ceará,Urbana,Estadual,5.0,5.0,5.0,5.0,4.0,5.0,5.0,4.0,4.0,4.0,4.0,5.0,5.0,5.0,5.0,7.0,8.0,7.0,7.0,4.0,5.0
2024.0,Ceará,Rural,Estadual,4.0,4.0,4.0,4.0,4.0,4.0,4.0,4.0,4.0,4.0,4.0,4.0,4.0,4.0,4.0,8.0,8.0,8.0,7.0,6.0,5.0
2024.0,Ceará,Total,Municipal,5.0,6.0,5.0,6.0,6.0,7.0,6.0,6.0,6.0,6.0,6.0,6.0,6.0,8.0,8.0,6.0,6.0,6.0,6.0,6.0,5.0
2024.0,Ceará,Urbana,Municipal,5.0,6.0,5.0,6.0,6.0,7.0,6.0,6.0,6.0,6.0,7.0,6.0,6.0,8.0,8.0,6.0,6.0,6.0,6.0,6.0,5.0
2024.0,Ceará,Rural,Municipal,5.0,5.0,5.0,6.0,6.0,7.0,6.0,6.0,6.0,6.0,6.0,6.0,6.0,8.0,8.0,6.0,6.0,6.0,6.0,6.0,5.0
2024.0,Ceará,Total,Privada,5.0,6.0,4.0,4.0,4.0,5.0,4.0,4.0,4.0,4.0,4.0,5.0,5.0,5.0,5.0,6.0,6.0,6.0,6.0,2.0,3.0
2024.0,Ceará,Urbana,Privada,5.0,6.0,4.0,4.0,4.0,5.0,4.0,4.0,4.0,4.0,4.0,5.0,5.0,5.0,5.0,6.0,6.0,6.0,6.0,2.0,3.0
2024.0,Ceará,Rural,Privada,5.0,5.0,5.0,4.0,4.0,6.0,4.0,4.0,4.0,4.0,4.0,4.0,4.0,4.0,11.0,20.0,20.0,20.0,20.0,6.0,5.0
2024.0,Ceará,Total,Pública,5.0,6.0,5.0,6.0,6.0,7.0,6.0,6.0,6.0,6.0,6.0,6.0,6.0,8.0,8.0,7.0,8.0,7.0,7.0,4.0,9.0
2024.0,Ceará,Urbana,Pública,5.0,6.0,5.0,6.0,6.0,7.0,6.0,6.0,6.0,6.0,7.0,6.0,6.0,8.0,8.0,7.0,8.0,7.0,7.0,4.0,9.0
2024.0,Ceará,Rural,Pública,5.0,5.0,5.0,6.0,6.0,7.0,6.0,6.0,6.0,6.0,6.0,6.0,6.0,7.0,8.0,8.0,8.0,8.0,7.0,6.0,5.0
2024.0,Rio Grande do Norte,Total,Total,4.0,5.0,4.0,5.0,5.0,5.0,5.0,5.0,5.0,5.0,5.0,5.0,5.0,5.0,5.0,5.0,6.0,5.0,5.0,5.0,3.0
2024.0,Rio Grande do Norte,Urbana,Total,4.0,5.0,4.0,5.0,5.0,5.0,5.0,5.0,5.0,5.0,5.0,5.0,5.0,5.0,5.0,5.0,6.0,5.0,5.0,5.0,3.0
2024.0,Rio Grande do Norte,Rural,Total,4.0,4.0,4.0,5.0,5.0,5.0,5.0,5.0,5.0,5.0,5.0,5.0,5.0,5.0,5.0,6.0,6.0,6.0,6.0,5.0,5.0
2024.0,Rio Grande do Norte,Total,Federal,4.0,4.0,4.0,4.0,4.0,5.0,4.0,4.0,4.0,4.0,4.0,5.0,5.0,5.0,5.0,5.0,5.0,5.0,5.0,5.0,5.0
2024.0,Rio Grande do Norte,Urbana,Federal,4.0,4.0,4.0,4.0,4.0,5.0,4.0,4.0,4.0,4.0,4.0,5.0,5.0,5.0,5.0,5.0,5.0,5.0,5.0,5.0,5.0
2024.0,Rio Grande do Norte,Rural,Federal,6.0,7.0,5.0,5.0,5.0,5.0,5.0,5.0,5.0,5.0,5.0,5.0,5.0,5.0,5.0,6.0,7.0,6.0,7.0,5.0,5.0
2024.0,Rio Grande do Norte,Total,Estadual,6.0,7.0,5.0,5.0,5.0,5.0,5.0,5.0,5.0,5.0,5.0,5.0,5.0,5.0,5.0,6.0,6.0,6.0,5.0,6.0,5.0
2024.0,Rio Grande do Norte,Urbana,Estadual,6.0,7.0,5.0,5.0,5.0,5.0,5.0,5.0,5.0,5.0,5.0,5.0,5.0,5.0,5.0,6.0,6.0,6.0,5.0,6.0,5.0
2024.0,Rio Grande do Norte,Rural,Estadual,6.0,7.0,5.0,5.0,5.0,5.0,4.0,5.0,4.0,5.0,5.0,5.0,5.0,5.0,5.0,5.0,5.0,5.0,5.0,6.0,5.0
2024.0,Rio Grande do Norte,Total,Municipal,5.0,5.0,4.0,5.0,5.0,5.0,5.0,5.0,5.0,5.0,5.0,5.0,5.0,5.0,5.0,6.0,6.0,6.0,6.0,6.0,5.0
2024.0,Rio Grande do Norte,Urbana,Municipal,5.0,5.0,4.0,5.0,5.0,5.0,5.0,5.0,5.0,5.0,5.0,5.0,5.0,5.0,5.0,6.0,6.0,6.0,6.0,6.0,5.0
2024.0,Rio Grande do Norte,Rural,Municipal,4.0,4.0,4.0,5.0,5.0,5.0,5.0,5.0,5.0,5.0,5.0,5.0,5.0,5.0,5.0,6.0,6.0,6.0,6.0,6.0,5.0
2024.0,Rio Grande do Norte,Total,Privada,4.0,4.0,4.0,5.0,4.0,5.0,4.0,4.0,4.0,4.0,4.0,5.0,5.0,5.0,5.0,6.0,6.0,6.0,6.0,4.0,3.0
2024.0,Rio Grande do Norte,Urbana,Privada,4.0,4.0,4.0,5.0,4.0,5.0,4.0,4.0,4.0,4.0,4.0,5.0,5.0,5.0,5.0,6.0,6.0,6.0,6.0,4.0,3.0
2024.0,Rio Grande do Norte,Rural,Privada,4.0,4.0,4.0,4.0,4.0,4.0,4.0,4.0,4.0,4.0,4.0,4.0,4.0,4.0,4.0,4.0,4.0,4.0,4.0,6.0,5.0
2024.0,Rio Grande do Norte,Total,Pública,5.0,5.0,4.0,5.0,5.0,5.0,5.0,5.0,5.0,5.0,5.0,5.0,5.0,5.0,5.0,5.0,6.0,5.0,5.0,5.0,5.0
2024.0,Rio Grande do Norte,Urbana,Pública,5.0,5.0,4.0,5.0,5.0,5.0,5.0,5.0,5.0,5.0,5.0,5.0,5.0,5.0,5.0,5.0,6.0,5.0,5.0,5.0,5.0
2024.0,Rio Grande do Norte,Rural,Pública,4.0,4.0,4.0,5.0,5.0,5.0,5.0,5.0,5.0,5.0,5.0,5.0,5.0,5.0,5.0,6.0,6.0,6.0,6.0,5.0,5.0
2024.0,Paraíba,Total,Total,6.0,7.0,5.0,5.0,5.0,5.0,5.0,5.0,5.0,5.0,5.0,5.0,5.0,5.0,5.0,7.0,7.0,7.0,7.0,8.0,4.0
2024.0,Paraíba,Urbana,Total,6.0,8.0,5.0,5.0,5.0,5.0,5.0,5.0,5.0,5.0,5.0,5.0,5.0,5.0,5.0,7.0,7.0,7.0,7.0,8.0,4.0
2024.0,Paraíba,Rural,Total,5.0,6.0,5.0,5.0,5.0,5.0,5.0,6.0,5.0,5.0,6.0,5.0,5.0,5.0,5.0,6.0,6.0,6.0,6.0,6.0,5.0
2024.0,Paraíba,Total,Federal,4.0,4.0,4.0,4.0,4.0,5.0,4.0,4.0,4.0,4.0,4.0,5.0,5.0,5.0,5.0,10.0,10.0,10.0,10.0,8.0,5.0
2024.0,Paraíba,Urbana,Federal,4.0,4.0,4.0,4.0,4.0,5.0,4.0,4.0,4.0,4.0,4.0,5.0,5.0,5.0,5.0,10.0,10.0,10.0,10.0,8.0,5.0
2024.0,Paraíba,Rural,Federal,6.0,7.0,5.0,5.0,5.0,5.0,5.0,5.0,5.0,5.0,5.0,5.0,5.0,5.0,5.0,10.0,10.0,10.0,8.0,6.0,5.0
2024.0,Paraíba,Total,Estadual,5.0,5.0,6.0,5.0,5.0,6.0,5.0,5.0,5.0,5.0,5.0,5.0,6.0,6.0,6.0,7.0,7.0,7.0,7.0,6.0,5.0
2024.0,Paraíba,Urbana,Estadual,4.0,4.0,4.0,6.0,5.0,6.0,5.0,5.0,5.0,5.0,4.0,5.0,6.0,6.0,6.0,7.0,8.0,7.0,7.0,6.0,5.0
2024.0,Paraíba,Rural,Estadual,6.0,6.0,6.0,5.0,5.0,5.0,5.0,5.0,5.0,5.0,5.0,5.0,5.0,5.0,5.0,6.0,6.0,6.0,6.0,6.0,5.0
2024.0,Paraíba,Total,Municipal,7.0,8.0,5.0,5.0,5.0,5.0,5.0,6.0,5.0,5.0,6.0,6.0,5.0,5.0,6.0,4.0,4.0,4.0,4.0,4.0,5.0
2024.0,Paraíba,Urbana,Municipal,7.0,8.0,6.0,5.0,5.0,5.0,5.0,6.0,5.0,6.0,6.0,6.0,5.0,5.0,6.0,4.0,4.0,4.0,4.0,4.0,5.0
2024.0,Paraíba,Rural,Municipal,5.0,6.0,5.0,5.0,5.0,5.0,5.0,6.0,5.0,5.0,6.0,6.0,5.0,5.0,5.0,5.0,5.0,5.0,5.0,6.0,5.0
2024.0,Paraíba,Total,Privada,4.0,4.0,4.0,4.0,4.0,5.0,4.0,4.0,4.0,4.0,4.0,5.0,5.0,5.0,5.0,6.0,5.0,6.0,6.0,5.0,3.0
2024.0,Paraíba,Urbana,Privada,4.0,4.0,4.0,4.0,4.0,5.0,4.0,4.0,4.0,4.0,4.0,5.0,5.0,5.0,5.0,6.0,5.0,6.0,6.0,5.0,3.0
2024.0,Paraíba,Rural,Privada,5.0,6.0,4.0,4.0,4.0,5.0,4.0,4.0,4.0,4.0,4.0,5.0,5.0,4.0,5.0,6.0,6.0,6.0,6.0,6.0,5.0
2024.0,Paraíba,Total,Pública,7.0,8.0,5.0,5.0,5.0,6.0,5.0,6.0,5.0,5.0,6.0,6.0,5.0,6.0,6.0,8.0,8.0,8.0,7.0,8.0,5.0
2024.0,Paraíba,Urbana,Pública,7.0,8.0,6.0,5.0,5.0,6.0,5.0,6.0,5.0,5.0,6.0,6.0,5.0,6.0,6.0,8.0,8.0,8.0,8.0,8.0,5.0
2024.0,Paraíba,Rural,Pública,5.0,6.0,5.0,5.0,5.0,5.0,5.0,6.0,5.0,5.0,6.0,5.0,5.0,5.0,5.0,6.0,6.0,6.0,6.0,6.0,5.0
2024.0,Pernambuco,Total,Total,5.0,6.0,4.0,5.0,5.0,5.0,5.0,5.0,4.0,5.0,5.0,5.0,5.0,5.0,5.0,8.0,8.0,8.0,7.0,5.0,4.0
2024.0,Pernambuco,Urbana,Total,5.0,6.0,4.0,5.0,5.0,5.0,5.0,5.0,4.0,5.0,5.0,5.0,5.0,5.0,5.0,8.0,8.0,8.0,7.0,5.0,4.0
2024.0,Pernambuco,Rural,Total,5.0,6.0,4.0,5.0,5.0,5.0,5.0,5.0,4.0,5.0,5.0,5.0,5.0,5.0,5.0,6.0,6.0,6.0,6.0,4.0,8.0
2024.0,Pernambuco,Total,Federal,6.0,7.0,5.0,5.0,5.0,5.0,5.0,5.0,5.0,5.0,5.0,5.0,5.0,5.0,5.0,6.0,6.0,6.0,6.0,5.0,6.0
2024.0,Pernambuco,Urbana,Federal,6.0,7.0,5.0,5.0,5.0,5.0,5.0,5.0,5.0,5.0,5.0,5.0,5.0,5.0,5.0,6.0,6.0,6.0,6.0,6.0,5.0
2024.0,Pernambuco,Rural,Federal,6.0,7.0,5.0,5.0,5.0,5.0,5.0,5.0,5.0,5.0,5.0,5.0,5.0,5.0,5.0,8.0,8.0,8.0,7.0,5.0,10.0
2024.0,Pernambuco,Total,Estadual,5.0,6.0,5.0,6.0,4.0,6.0,4.0,4.0,4.0,4.0,4.0,6.0,6.0,6.0,5.0,8.0,8.0,8.0,8.0,4.0,4.0
2024.0,Pernambuco,Urbana,Estadual,7.0,8.0,7.0,6.0,5.0,6.0,5.0,5.0,5.0,5.0,5.0,6.0,6.0,6.0,5.0,8.0,8.0,8.0,8.0,3.0,4.0
2024.0,Pernambuco,Rural,Estadual,5.0,6.0,5.0,5.0,4.0,5.0,4.0,4.0,4.0,4.0,4.0,5.0,5.0,5.0,5.0,6.0,6.0,6.0,6.0,4.0,3.0
2024.0,Pernambuco,Total,Municipal,5.0,7.0,5.0,5.0,5.0,5.0,5.0,5.0,5.0,5.0,5.0,5.0,5.0,5.0,5.0,4.0,4.0,4.0,4.0,6.0,5.0
2024.0,Pernambuco,Urbana,Municipal,6.0,7.0,5.0,5.0,5.0,5.0,5.0,5.0,5.0,5.0,5.0,6.0,5.0,5.0,5.0,6.0,6.0,6.0,6.0,6.0,5.0
2024.0,Pernambuco,Rural,Municipal,5.0,5.0,4.0,5.0,5.0,5.0,5.0,5.0,4.0,5.0,5.0,5.0,5.0,5.0,5.0,4.0,4.0,4.0,4.0,6.0,5.0
2024.0,Pernambuco,Total,Privada,5.0,6.0,4.0,4.0,4.0,5.0,4.0,4.0,4.0,4.0,4.0,5.0,5.0,5.0,5.0,6.0,6.0,6.0,6.0,4.0,4.0
2024.0,Pernambuco,Urbana,Privada,5.0,6.0,4.0,4.0,4.0,5.0,4.0,4.0,4.0,4.0,4.0,5.0,5.0,5.0,5.0,6.0,6.0,6.0,6.0,4.0,4.0
2024.0,Pernambuco,Rural,Privada,8.0,9.0,4.0,5.0,4.0,5.0,4.0,4.0,4.0,4.0,5.0,5.0,5.0,5.0,5.0,6.0,6.0,6.0,5.0,6.0,5.0
2024.0,Pernambuco,Total,Pública,5.0,7.0,5.0,5.0,5.0,5.0,5.0,5.0,5.0,5.0,5.0,6.0,5.0,5.0,5.0,8.0,8.0,8.0,8.0,5.0,4.0
2024.0,Pernambuco,Urbana,Pública,6.0,7.0,5.0,5.0,5.0,5.0,5.0,5.0,5.0,5.0,5.0,6.0,5.0,5.0,5.0,8.0,8.0,8.0,8.0,5.0,4.0
2024.0,Pernambuco,Rural,Pública,5.0,5.0,4.0,5.0,5.0,5.0,5.0,5.0,4.0,5.0,5.0,5.0,5.0,5.0,5.0,6.0,6.0,6.0,6.0,4.0,8.0
2024.0,Alagoas,Total,Total,6.0,7.0,5.0,5.0,5.0,5.0,5.0,5.0,5.0,5.0,5.0,5.0,5.0,6.0,5.0,7.0,7.0,7.0,7.0,4.0,5.0
2024.0,Alagoas,Urbana,Total,6.0,7.0,5.0,5.0,5.0,5.0,5.0,5.0,5.0,5.0,5.0,5.0,5.0,6.0,5.0,7.0,7.0,7.0,7.0,4.0,5.0
2024.0,Alagoas,Rural,Total,6.0,6.0,5.0,6.0,6.0,6.0,5.0,5.0,5.0,6.0,6.0,5.0,5.0,6.0,5.0,7.0,7.0,7.0,7.0,4.0,5.0
2024.0,Alagoas,Total,Federal,6.0,7.0,5.0,5.0,5.0,5.0,5.0,5.0,5.0,5.0,5.0,5.0,5.0,5.0,5.0,6.0,6.0,6.0,6.0,5.0,5.0
2024.0,Alagoas,Urbana,Federal,6.0,7.0,5.0,5.0,5.0,5.0,5.0,5.0,5.0,5.0,5.0,5.0,5.0,5.0,5.0,6.0,6.0,6.0,6.0,5.0,5.0
2024.0,Alagoas,Total,Estadual,6.0,6.0,5.0,6.0,6.0,6.0,6.0,6.0,6.0,6.0,6.0,6.0,6.0,6.0,6.0,7.0,7.0,7.0,7.0,4.0,5.0
2024.0,Alagoas,Urbana,Estadual,5.0,5.0,5.0,6.0,6.0,6.0,6.0,6.0,6.0,6.0,6.0,6.0,6.0,6.0,6.0,7.0,7.0,7.0,7.0,4.0,5.0
2024.0,Alagoas,Rural,Estadual,6.0,8.0,5.0,5.0,5.0,5.0,5.0,5.0,5.0,5.0,5.0,6.0,6.0,5.0,5.0,7.0,7.0,7.0,7.0,4.0,5.0
2024.0,Alagoas,Total,Municipal,6.0,7.0,5.0,5.0,5.0,5.0,5.0,5.0,5.0,6.0,6.0,5.0,5.0,6.0,5.0,6.0,6.0,6.0,6.0,6.0,5.0
2024.0,Alagoas,Urbana,Municipal,6.0,8.0,5.0,5.0,5.0,5.0,5.0,5.0,5.0,6.0,6.0,5.0,5.0,6.0,5.0,6.0,6.0,6.0,6.0,6.0,5.0
2024.0,Alagoas,Rural,Municipal,6.0,6.0,5.0,6.0,6.0,6.0,5.0,5.0,5.0,6.0,6.0,5.0,5.0,6.0,5.0,6.0,6.0,6.0,6.0,6.0,5.0
2024.0,Alagoas,Total,Privada,4.0,4.0,4.0,4.0,4.0,5.0,4.0,4.0,4.0,4.0,4.0,5.0,5.0,5.0,5.0,6.0,6.0,6.0,6.0,6.0,5.0
2024.0,Alagoas,Urbana,Privada,4.0,4.0,4.0,4.0,4.0,5.0,4.0,4.0,4.0,4.0,4.0,5.0,5.0,5.0,5.0,6.0,6.0,6.0,6.0,6.0,5.0
2024.0,Alagoas,Rural,Privada,4.0,4.0,4.0,4.0,4.0,4.0,4.0,4.0,4.0,4.0,4.0,4.0,4.0,4.0,4.0,5.0,5.0,5.0,5.0,6.0,5.0
2024.0,Alagoas,Total,Pública,6.0,7.0,5.0,6.0,5.0,6.0,5.0,5.0,5.0,6.0,6.0,6.0,6.0,6.0,6.0,7.0,7.0,7.0,7.0,4.0,5.0
2024.0,Alagoas,Urbana,Pública,6.0,8.0,5.0,6.0,5.0,6.0,5.0,5.0,5.0,6.0,6.0,6.0,6.0,6.0,6.0,7.0,7.0,7.0,7.0,4.0,5.0
2024.0,Alagoas,Rural,Pública,6.0,6.0,5.0,6.0,6.0,6.0,5.0,5.0,5.0,6.0,6.0,5.0,5.0,6.0,5.0,7.0,7.0,7.0,7.0,4.0,5.0
2024.0,Sergipe,Total,Total,6.0,6.0,5.0,6.0,5.0,6.0,5.0,5.0,5.0,6.0,6.0,6.0,6.0,6.0,6.0,7.0,8.0,8.0,7.0,6.0,6.0
2024.0,Sergipe,Urbana,Total,6.0,7.0,5.0,5.0,5.0,6.0,5.0,5.0,5.0,5.0,5.0,6.0,6.0,5.0,6.0,7.0,8.0,8.0,7.0,6.0,6.0
2024.0,Sergipe,Rural,Total,6.0,6.0,6.0,6.0,6.0,6.0,6.0,6.0,6.0,6.0,6.0,6.0,6.0,6.0,6.0,8.0,8.0,8.0,8.0,6.0,5.0
2024.0,Sergipe,Total,Federal,6.0,7.0,5.0,5.0,5.0,5.0,5.0,5.0,5.0,5.0,5.0,5.0,5.0,5.0,5.0,10.0,10.0,10.0,10.0,6.0,5.0
2024.0,Sergipe,Urbana,Federal,6.0,7.0,5.0,5.0,5.0,5.0,5.0,5.0,5.0,5.0,5.0,5.0,5.0,5.0,5.0,9.0,9.0,9.0,9.0,6.0,5.0
2024.0,Sergipe,Rural,Federal,6.0,7.0,5.0,5.0,5.0,5.0,5.0,5.0,5.0,5.0,5.0,5.0,5.0,5.0,5.0,10.0,10.0,10.0,10.0,6.0,5.0
2024.0,Sergipe,Total,Estadual,6.0,7.0,5.0,6.0,6.0,6.0,5.0,6.0,6.0,6.0,6.0,6.0,6.0,6.0,6.0,8.0,8.0,8.0,8.0,6.0,6.0
2024.0,Sergipe,Urbana,Estadual,6.0,7.0,5.0,6.0,6.0,6.0,5.0,6.0,6.0,6.0,6.0,6.0,6.0,6.0,6.0,8.0,8.0,8.0,8.0,6.0,6.0
2024.0,Sergipe,Rural,Estadual,6.0,7.0,5.0,6.0,6.0,5.0,5.0,6.0,6.0,6.0,6.0,5.0,5.0,6.0,6.0,7.0,7.0,8.0,7.0,6.0,5.0
2024.0,Sergipe,Total,Municipal,6.0,7.0,6.0,6.0,6.0,6.0,6.0,6.0,6.0,6.0,6.0,6.0,6.0,6.0,6.0,6.0,6.0,6.0,6.0,6.0,5.0
2024.0,Sergipe,Urbana,Municipal,6.0,7.0,5.0,6.0,6.0,6.0,6.0,6.0,6.0,6.0,6.0,6.0,6.0,6.0,6.0,6.0,6.0,6.0,6.0,6.0,5.0
2024.0,Sergipe,Rural,Municipal,6.0,6.0,6.0,6.0,6.0,6.0,6.0,6.0,6.0,6.0,6.0,6.0,6.0,6.0,6.0,6.0,6.0,6.0,6.0,6.0,5.0
2024.0,Sergipe,Total,Privada,4.0,5.0,4.0,5.0,5.0,5.0,5.0,5.0,5.0,5.0,5.0,5.0,5.0,5.0,5.0,6.0,6.0,6.0,6.0,6.0,3.0
2024.0,Sergipe,Urbana,Privada,4.0,5.0,4.0,5.0,5.0,5.0,5.0,5.0,5.0,5.0,5.0,5.0,5.0,5.0,5.0,6.0,6.0,6.0,6.0,6.0,3.0
2024.0,Sergipe,Rural,Privada,5.0,5.0,5.0,6.0,5.0,6.0,5.0,5.0,5.0,6.0,5.0,6.0,6.0,6.0,6.0,6.0,6.0,6.0,6.0,6.0,5.0
2024.0,Sergipe,Total,Pública,6.0,7.0,6.0,6.0,6.0,6.0,6.0,6.0,6.0,6.0,6.0,6.0,6.0,6.0,6.0,8.0,8.0,8.0,8.0,6.0,6.0
2024.0,Sergipe,Urbana,Pública,6.0,7.0,5.0,6.0,6.0,6.0,6.0,6.0,6.0,6.0,6.0,6.0,6.0,6.0,6.0,8.0,8.0,8.0,8.0,6.0,6.0
2024.0,Sergipe,Rural,Pública,6.0,6.0,6.0,6.0,6.0,6.0,6.0,6.0,6.0,6.0,6.0,6.0,6.0,6.0,6.0,8.0,8.0,8.0,8.0,6.0,5.0
2024.0,Bahia,Total,Total,6.0,7.0,5.0,5.0,5.0,5.0,5.0,5.0,5.0,5.0,5.0,5.0,5.0,5.0,5.0,5.0,6.0,5.0,5.0,8.0,4.0
2024.0,Bahia,Urbana,Total,6.0,7.0,5.0,5.0,5.0,5.0,5.0,5.0,5.0,5.0,5.0,5.0,5.0,5.0,5.0,5.0,6.0,5.0,5.0,6.0,4.0
2024.0,Bahia,Rural,Total,5.0,6.0,5.0,5.0,5.0,5.0,5.0,5.0,5.0,5.0,5.0,5.0,5.0,5.0,5.0,6.0,6.0,6.0,5.0,14.0,4.0
2024.0,Bahia,Total,Federal,6.0,7.0,5.0,5.0,5.0,5.0,5.0,5.0,5.0,5.0,5.0,5.0,5.0,5.0,5.0,9.0,9.0,9.0,9.0,6.0,8.0
2024.0,Bahia,Urbana,Federal,6.0,7.0,5.0,5.0,5.0,5.0,5.0,5.0,5.0,5.0,5.0,5.0,5.0,5.0,5.0,9.0,9.0,9.0,9.0,6.0,8.0
2024.0,Bahia,Rural,Federal,6.0,7.0,5.0,5.0,5.0,5.0,5.0,5.0,5.0,5.0,5.0,5.0,5.0,5.0,5.0,9.0,9.0,9.0,9.0,6.0,5.0
2024.0,Bahia,Total,Estadual,4.0,4.0,4.0,5.0,4.0,5.0,4.0,4.0,4.0,4.0,4.0,5.0,5.0,5.0,5.0,5.0,6.0,5.0,5.0,6.0,4.0
2024.0,Bahia,Urbana,Estadual,6.0,7.0,5.0,5.0,4.0,5.0,5.0,4.0,4.0,4.0,4.0,5.0,5.0,5.0,5.0,5.0,6.0,5.0,5.0,6.0,4.0
2024.0,Bahia,Rural,Estadual,4.0,4.0,4.0,4.0,4.0,4.0,4.0,4.0,4.0,4.0,4.0,4.0,4.0,4.0,4.0,5.0,5.0,5.0,4.0,6.0,4.0
2024.0,Bahia,Total,Municipal,6.0,7.0,5.0,5.0,5.0,5.0,5.0,5.0,5.0,5.0,5.0,5.0,5.0,5.0,5.0,4.0,5.0,4.0,4.0,4.0,5.0
2024.0,Bahia,Urbana,Municipal,6.0,8.0,5.0,5.0,5.0,5.0,5.0,5.0,5.0,5.0,5.0,5.0,5.0,5.0,5.0,4.0,4.0,4.0,4.0,4.0,5.0
2024.0,Bahia,Rural,Municipal,5.0,6.0,5.0,5.0,5.0,5.0,5.0,5.0,5.0,5.0,5.0,5.0,5.0,5.0,5.0,5.0,5.0,5.0,5.0,3.0,5.0
2024.0,Bahia,Total,Privada,5.0,6.0,5.0,5.0,4.0,5.0,4.0,4.0,4.0,4.0,4.0,5.0,5.0,5.0,5.0,6.0,6.0,6.0,6.0,15.0,3.0
2024.0,Bahia,Urbana,Privada,5.0,6.0,5.0,4.0,4.0,5.0,4.0,4.0,4.0,4.0,4.0,5.0,5.0,5.0,5.0,6.0,6.0,6.0,6.0,15.0,3.0
2024.0,Bahia,Rural,Privada,4.0,5.0,4.0,6.0,4.0,9.0,4.0,4.0,4.0,4.0,5.0,8.0,8.0,9.0,9.0,14.0,14.0,14.0,13.0,15.0,5.0
2024.0,Bahia,Total,Pública,6.0,7.0,5.0,5.0,5.0,5.0,5.0,5.0,5.0,5.0,5.0,5.0,5.0,5.0,5.0,5.0,6.0,5.0,5.0,6.0,5.0
2024.0,Bahia,Urbana,Pública,6.0,8.0,5.0,5.0,5.0,5.0,5.0,5.0,5.0,5.0,5.0,5.0,5.0,5.0,5.0,5.0,6.0,5.0,5.0,6.0,5.0
2024.0,Bahia,Rural,Pública,5.0,6.0,5.0,5.0,5.0,5.0,5.0,5.0,5.0,5.0,5.0,5.0,5.0,5.0,5.0,5.0,6.0,5.0,5.0,3.0,4.0
2024.0,Minas Gerais,Total,Total,6.0,8.0,5.0,5.0,5.0,5.0,5.0,5.0,5.0,5.0,5.0,5.0,5.0,5.0,5.0,6.0,6.0,6.0,6.0,10.0,4.0
2024.0,Minas Gerais,Urbana,Total,6.0,8.0,5.0,5.0,5.0,5.0,5.0,5.0,5.0,5.0,5.0,5.0,5.0,5.0,5.0,6.0,6.0,6.0,6.0,10.0,3.0
2024.0,Minas Gerais,Rural,Total,5.0,8.0,5.0,5.0,5.0,5.0,5.0,5.0,5.0,5.0,5.0,5.0,5.0,5.0,5.0,7.0,8.0,7.0,7.0,6.0,10.0
2024.0,Minas Gerais,Total,Federal,4.0,4.0,4.0,5.0,5.0,5.0,5.0,5.0,5.0,5.0,5.0,5.0,6.0,5.0,5.0,10.0,10.0,10.0,10.0,10.0,10.0
2024.0,Minas Gerais,Urbana,Federal,4.0,4.0,4.0,5.0,5.0,5.0,5.0,5.0,5.0,5.0,5.0,5.0,6.0,5.0,5.0,10.0,10.0,10.0,10.0,10.0,5.0
2024.0,Minas Gerais,Rural,Federal,6.0,7.0,5.0,5.0,5.0,5.0,5.0,5.0,5.0,5.0,5.0,5.0,5.0,5.0,5.0,10.0,10.0,10.0,10.0,6.0,10.0
2024.0,Minas Gerais,Total,Estadual,4.0,4.0,4.0,5.0,4.0,5.0,4.0,4.0,4.0,5.0,5.0,5.0,5.0,5.0,5.0,6.0,6.0,6.0,5.0,6.0,4.0
2024.0,Minas Gerais,Urbana,Estadual,4.0,7.0,4.0,5.0,4.0,5.0,4.0,4.0,4.0,5.0,5.0,5.0,5.0,5.0,5.0,6.0,6.0,6.0,5.0,6.0,4.0
2024.0,Minas Gerais,Rural,Estadual,4.0,4.0,4.0,5.0,4.0,5.0,4.0,4.0,4.0,5.0,5.0,5.0,5.0,5.0,5.0,5.0,5.0,5.0,5.0,6.0,5.0
2024.0,Minas Gerais,Total,Municipal,6.0,8.0,5.0,5.0,5.0,5.0,5.0,5.0,5.0,5.0,5.0,5.0,5.0,5.0,5.0,5.0,5.0,5.0,5.0,6.0,5.0
2024.0,Minas Gerais,Urbana,Municipal,6.0,8.0,5.0,5.0,5.0,5.0,5.0,5.0,5.0,5.0,5.0,5.0,5.0,5.0,5.0,5.0,5.0,5.0,5.0,6.0,5.0
2024.0,Minas Gerais,Rural,Municipal,5.0,8.0,5.0,5.0,5.0,5.0,5.0,5.0,5.0,5.0,5.0,5.0,5.0,5.0,5.0,5.0,5.0,5.0,5.0,6.0,5.0
2024.0,Minas Gerais,Total,Privada,6.0,7.0,5.0,5.0,5.0,5.0,5.0,5.0,5.0,5.0,5.0,5.0,5.0,5.0,5.0,6.0,6.0,6.0,6.0,6.0,3.0
2024.0,Minas Gerais,Urbana,Privada,6.0,7.0,5.0,5.0,5.0,5.0,5.0,5.0,5.0,5.0,5.0,5.0,5.0,5.0,5.0,6.0,6.0,6.0,6.0,6.0,3.0
2024.0,Minas Gerais,Rural,Privada,6.0,7.0,6.0,8.0,4.0,10.0,4.0,4.0,5.0,5.0,5.0,8.0,8.0,11.0,11.0,13.0,14.0,14.0,13.0,6.0,5.0
2024.0,Minas Gerais,Total,Pública,6.0,8.0,5.0,5.0,5.0,5.0,5.0,5.0,5.0,5.0,5.0,5.0,5.0,5.0,5.0,6.0,6.0,6.0,6.0,10.0,6.0
2024.0,Minas Gerais,Urbana,Pública,6.0,8.0,5.0,5.0,5.0,5.0,5.0,5.0,5.0,5.0,5.0,5.0,5.0,5.0,5.0,6.0,6.0,6.0,6.0,10.0,4.0
2024.0,Minas Gerais,Rural,Pública,5.0,8.0,5.0,5.0,5.0,5.0,5.0,5.0,5.0,5.0,5.0,5.0,5.0,5.0,5.0,7.0,7.0,7.0,6.0,6.0,10.0
2024.0,Espírito Santo,Total,Total,5.0,6.0,5.0,5.0,5.0,5.0,5.0,5.0,5.0,5.0,5.0,5.0,5.0,5.0,6.0,6.0,6.0,6.0,6.0,7.0,5.0
2024.0,Espírito Santo,Urbana,Total,5.0,6.0,5.0,5.0,5.0,5.0,5.0,5.0,5.0,5.0,5.0,5.0,5.0,5.0,5.0,6.0,6.0,6.0,6.0,6.0,5.0
2024.0,Espírito Santo,Rural,Total,6.0,7.0,5.0,6.0,5.0,6.0,5.0,5.0,5.0,5.0,5.0,6.0,6.0,6.0,6.0,8.0,8.0,8.0,8.0,9.0,5.0
2024.0,Espírito Santo,Total,Federal,4.0,4.0,4.0,5.0,5.0,5.0,5.0,5.0,5.0,5.0,5.0,5.0,5.0,5.0,5.0,7.0,7.0,7.0,7.0,6.0,5.0
2024.0,Espírito Santo,Urbana,Federal,4.0,4.0,4.0,5.0,5.0,5.0,5.0,5.0,5.0,5.0,5.0,5.0,5.0,5.0,5.0,6.0,6.0,7.0,7.0,6.0,5.0
2024.0,Espírito Santo,Rural,Federal,6.0,7.0,5.0,5.0,5.0,5.0,5.0,5.0,5.0,5.0,5.0,5.0,5.0,5.0,5.0,9.0,9.0,9.0,9.0,6.0,5.0
2024.0,Espírito Santo,Total,Estadual,6.0,7.0,5.0,6.0,5.0,6.0,5.0,5.0,5.0,5.0,5.0,6.0,6.0,6.0,6.0,6.0,6.0,6.0,6.0,6.0,5.0
2024.0,Espírito Santo,Urbana,Estadual,6.0,7.0,5.0,6.0,5.0,6.0,5.0,5.0,5.0,5.0,5.0,6.0,6.0,6.0,6.0,6.0,6.0,6.0,6.0,6.0,5.0
2024.0,Espírito Santo,Rural,Estadual,6.0,7.0,5.0,6.0,5.0,7.0,5.0,5.0,5.0,5.0,5.0,7.0,7.0,7.0,7.0,6.0,6.0,6.0,6.0,6.0,5.0
2024.0,Espírito Santo,Total,Municipal,5.0,6.0,5.0,5.0,5.0,5.0,5.0,5.0,5.0,5.0,5.0,5.0,5.0,5.0,5.0,6.0,6.0,6.0,6.0,6.0,5.0
2024.0,Espírito Santo,Urbana,Municipal,5.0,6.0,5.0,5.0,5.0,5.0,5.0,5.0,5.0,5.0,5.0,5.0,5.0,5.0,5.0,6.0,6.0,6.0,6.0,6.0,5.0
2024.0,Espírito Santo,Rural,Municipal,6.0,7.0,5.0,5.0,5.0,6.0,5.0,5.0,5.0,5.0,5.0,6.0,6.0,5.0,6.0,6.0,6.0,6.0,6.0,6.0,5.0
2024.0,Espírito Santo,Total,Privada,5.0,6.0,5.0,5.0,5.0,5.0,5.0,5.0,5.0,5.0,5.0,5.0,5.0,5.0,5.0,6.0,6.0,6.0,6.0,10.0,4.0
2024.0,Espírito Santo,Urbana,Privada,5.0,6.0,5.0,5.0,5.0,5.0,5.0,5.0,5.0,5.0,5.0,5.0,5.0,5.0,5.0,6.0,6.0,6.0,6.0,6.0,4.0
2024.0,Espírito Santo,Rural,Privada,9.0,9.0,5.0,10.0,5.0,10.0,5.0,5.0,5.0,5.0,5.0,10.0,10.0,10.0,10.0,10.0,10.0,10.0,10.0,10.0,5.0
2024.0,Espírito Santo,Total,Pública,5.0,6.0,5.0,5.0,5.0,5.0,5.0,5.0,5.0,5.0,5.0,5.0,5.0,5.0,6.0,6.0,6.0,6.0,6.0,6.0,5.0
2024.0,Espírito Santo,Urbana,Pública,5.0,6.0,5.0,5.0,5.0,5.0,5.0,5.0,5.0,5.0,5.0,5.0,5.0,5.0,6.0,6.0,6.0,6.0,6.0,6.0,5.0
2024.0,Espírito Santo,Rural,Pública,6.0,7.0,5.0,5.0,5.0,6.0,5.0,5.0,5.0,5.0,5.0,6.0,6.0,6.0,6.0,8.0,8.0,7.0,8.0,6.0,5.0
2024.0,Rio de Janeiro,Total,Total,6.0,7.0,5.0,5.0,5.0,5.0,5.0,5.0,5.0,5.0,5.0,5.0,5.0,5.0,5.0,6.0,6.0,6.0,6.0,5.0,5.0
2024.0,Rio de Janeiro,Urbana,Total,6.0,7.0,5.0,5.0,5.0,5.0,5.0,5.0,5.0,5.0,5.0,5.0,5.0,5.0,5.0,6.0,6.0,6.0,6.0,5.0,5.0
2024.0,Rio de Janeiro,Rural,Total,6.0,7.0,5.0,5.0,5.0,5.0,5.0,5.0,5.0,5.0,5.0,5.0,6.0,5.0,5.0,6.0,6.0,6.0,6.0,6.0,5.0
2024.0,Rio de Janeiro,Total,Federal,8.0,9.0,7.0,5.0,5.0,5.0,5.0,5.0,5.0,5.0,5.0,5.0,5.0,5.0,5.0,7.0,8.0,8.0,7.0,9.0,6.0
2024.0,Rio de Janeiro,Urbana,Federal,8.0,9.0,7.0,5.0,5.0,5.0,5.0,5.0,5.0,5.0,5.0,5.0,5.0,5.0,5.0,7.0,8.0,8.0,7.0,9.0,6.0
2024.0,Rio de Janeiro,Rural,Federal,6.0,7.0,5.0,5.0,5.0,5.0,5.0,5.0,5.0,5.0,5.0,5.0,5.0,5.0,5.0,9.0,9.0,9.0,10.0,6.0,5.0
2024.0,Rio de Janeiro,Total,Estadual,5.0,5.0,5.0,6.0,5.0,6.0,5.0,5.0,5.0,5.0,5.0,6.0,6.0,6.0,5.0,6.0,6.0,6.0,6.0,6.0,4.0
2024.0,Rio de Janeiro,Urbana,Estadual,5.0,5.0,5.0,6.0,5.0,6.0,5.0,5.0,5.0,5.0,5.0,6.0,6.0,6.0,5.0,6.0,6.0,6.0,6.0,6.0,4.0
2024.0,Rio de Janeiro,Rural,Estadual,6.0,7.0,5.0,6.0,4.0,6.0,4.0,4.0,4.0,4.0,4.0,6.0,6.0,6.0,5.0,6.0,6.0,6.0,6.0,6.0,5.0
2024.0,Rio de Janeiro,Total,Municipal,6.0,7.0,5.0,5.0,5.0,6.0,5.0,5.0,5.0,5.0,5.0,6.0,6.0,5.0,6.0,7.0,6.0,6.0,7.0,5.0,5.0
2024.0,Rio de Janeiro,Urbana,Municipal,6.0,7.0,5.0,5.0,5.0,6.0,5.0,5.0,5.0,5.0,5.0,6.0,6.0,5.0,6.0,7.0,6.0,6.0,7.0,5.0,5.0
2024.0,Rio de Janeiro,Rural,Municipal,6.0,8.0,5.0,5.0,5.0,5.0,5.0,5.0,5.0,5.0,5.0,5.0,6.0,5.0,5.0,6.0,6.0,6.0,6.0,6.0,5.0
2024.0,Rio de Janeiro,Total,Privada,6.0,7.0,5.0,5.0,4.0,5.0,4.0,4.0,4.0,4.0,4.0,5.0,5.0,5.0,5.0,6.0,6.0,6.0,6.0,3.0,4.0
2024.0,Rio de Janeiro,Urbana,Privada,6.0,7.0,5.0,5.0,4.0,5.0,4.0,4.0,4.0,4.0,4.0,5.0,5.0,5.0,5.0,6.0,6.0,6.0,6.0,3.0,4.0
2024.0,Rio de Janeiro,Rural,Privada,6.0,6.0,5.0,5.0,4.0,5.0,4.0,4.0,4.0,4.0,4.0,5.0,5.0,5.0,5.0,6.0,6.0,6.0,6.0,6.0,5.0
2024.0,Rio de Janeiro,Total,Pública,6.0,7.0,5.0,5.0,5.0,6.0,5.0,5.0,5.0,5.0,5.0,6.0,6.0,5.0,6.0,6.0,6.0,6.0,6.0,8.0,6.0
2024.0,Rio de Janeiro,Urbana,Pública,6.0,7.0,5.0,5.0,5.0,6.0,5.0,5.0,5.0,5.0,5.0,6.0,6.0,6.0,6.0,6.0,6.0,6.0,6.0,8.0,6.0
2024.0,Rio de Janeiro,Rural,Pública,6.0,8.0,5.0,5.0,5.0,5.0,5.0,5.0,5.0,5.0,5.0,5.0,6.0,5.0,5.0,6.0,6.0,6.0,6.0,6.0,5.0
2024.0,São Paulo,Total,Total,7.0,9.0,6.0,6.0,5.0,6.0,5.0,5.0,5.0,5.0,5.0,6.0,6.0,6.0,6.0,6.0,6.0,6.0,5.0,5.0,5.0
2024.0,São Paulo,Urbana,Total,7.0,9.0,6.0,6.0,5.0,6.0,5.0,5.0,5.0,5.0,5.0,6.0,6.0,6.0,6.0,6.0,6.0,5.0,5.0,5.0,5.0
2024.0,São Paulo,Rural,Total,6.0,8.0,5.0,6.0,6.0,6.0,6.0,6.0,6.0,6.0,6.0,6.0,6.0,6.0,6.0,6.0,6.0,6.0,6.0,6.0,5.0
2024.0,São Paulo,Total,Federal,9.0,9.0,9.0,5.0,6.0,5.0,6.0,6.0,6.0,6.0,6.0,5.0,5.0,5.0,5.0,8.0,8.0,8.0,8.0,5.0,9.0
2024.0,São Paulo,Urbana,Federal,11.0,11.0,11.0,5.0,6.0,5.0,6.0,6.0,6.0,6.0,6.0,5.0,5.0,5.0,5.0,8.0,8.0,8.0,8.0,5.0,9.0
2024.0,São Paulo,Rural,Federal,4.0,4.0,4.0,5.0,5.0,5.0,5.0,5.0,5.0,5.0,5.0,5.0,5.0,5.0,5.0,6.0,6.0,6.0,6.0,6.0,5.0
2024.0,São Paulo,Total,Estadual,8.0,9.0,8.0,6.0,5.0,6.0,5.0,5.0,5.0,6.0,6.0,6.0,6.0,6.0,6.0,6.0,6.0,5.0,5.0,4.0,5.0
2024.0,São Paulo,Urbana,Estadual,9.0,9.0,9.0,6.0,5.0,6.0,5.0,5.0,5.0,6.0,6.0,6.0,6.0,6.0,6.0,6.0,6.0,5.0,5.0,4.0,5.0
2024.0,São Paulo,Rural,Estadual,6.0,6.0,5.0,6.0,6.0,6.0,6.0,6.0,6.0,6.0,6.0,6.0,6.0,6.0,6.0,6.0,6.0,6.0,6.0,6.0,5.0
2024.0,São Paulo,Total,Municipal,7.0,9.0,6.0,6.0,6.0,5.0,6.0,6.0,6.0,6.0,6.0,5.0,5.0,5.0,5.0,5.0,5.0,4.0,5.0,4.0,5.0
2024.0,São Paulo,Urbana,Municipal,7.0,9.0,6.0,6.0,6.0,5.0,6.0,6.0,6.0,6.0,6.0,5.0,5.0,5.0,5.0,5.0,5.0,4.0,5.0,4.0,5.0
2024.0,São Paulo,Rural,Municipal,6.0,8.0,5.0,6.0,6.0,6.0,5.0,6.0,6.0,6.0,6.0,6.0,6.0,6.0,6.0,4.0,4.0,4.0,4.0,6.0,5.0
2024.0,São Paulo,Total,Privada,8.0,9.0,6.0,5.0,5.0,5.0,5.0,5.0,5.0,5.0,5.0,5.0,5.0,5.0,5.0,6.0,6.0,6.0,6.0,6.0,3.0
2024.0,São Paulo,Urbana,Privada,8.0,9.0,6.0,5.0,5.0,5.0,5.0,5.0,5.0,5.0,5.0,5.0,5.0,5.0,5.0,6.0,6.0,6.0,6.0,6.0,3.0
2024.0,São Paulo,Rural,Privada,7.0,8.0,5.0,5.0,5.0,5.0,5.0,5.0,5.0,5.0,5.0,5.0,5.0,5.0,5.0,6.0,6.0,6.0,6.0,6.0,5.0
2024.0,São Paulo,Total,Pública,7.0,9.0,6.0,6.0,6.0,6.0,6.0,6.0,6.0,6.0,6.0,6.0,6.0,6.0,6.0,6.0,6.0,5.0,5.0,5.0,6.0
2024.0,São Paulo,Urbana,Pública,7.0,9.0,6.0,6.0,6.0,6.0,6.0,6.0,6.0,6.0,6.0,6.0,6.0,6.0,6.0,6.0,6.0,5.0,5.0,5.0,6.0
2024.0,São Paulo,Rural,Pública,6.0,8.0,5.0,6.0,6.0,6.0,6.0,6.0,6.0,6.0,6.0,6.0,6.0,6.0,6.0,6.0,6.0,6.0,6.0,6.0,5.0
2024.0,Paraná,Total,Total,7.0,8.0,5.0,5.0,5.0,5.0,5.0,5.0,5.0,5.0,5.0,5.0,5.0,5.0,5.0,5.0,6.0,5.0,5.0,5.0,6.0
2024.0,Paraná,Urbana,Total,7.0,8.0,6.0,5.0,5.0,5.0,5.0,5.0,5.0,5.0,5.0,5.0,5.0,5.0,5.0,5.0,6.0,5.0,5.0,5.0,6.0
2024.0,Paraná,Rural,Total,5.0,8.0,4.0,5.0,4.0,5.0,4.0,4.0,4.0,4.0,4.0,5.0,5.0,5.0,5.0,6.0,6.0,6.0,6.0,4.0,5.0
2024.0,Paraná,Total,Federal,6.0,7.0,5.0,5.0,5.0,5.0,5.0,5.0,5.0,5.0,5.0,5.0,5.0,5.0,5.0,5.0,5.0,5.0,5.0,5.0,6.0
2024.0,Paraná,Urbana,Federal,6.0,7.0,5.0,5.0,5.0,5.0,5.0,5.0,5.0,5.0,5.0,5.0,5.0,5.0,5.0,5.0,5.0,5.0,5.0,5.0,6.0
2024.0,Paraná,Rural,Federal,6.0,7.0,5.0,5.0,5.0,5.0,5.0,5.0,5.0,5.0,5.0,5.0,5.0,5.0,5.0,5.0,5.0,5.0,5.0,5.0,5.0
2024.0,Paraná,Total,Estadual,5.0,7.0,5.0,5.0,4.0,5.0,4.0,4.0,4.0,4.0,4.0,5.0,5.0,5.0,5.0,5.0,6.0,5.0,5.0,5.0,5.0
2024.0,Paraná,Urbana,Estadual,6.0,7.0,6.0,5.0,5.0,5.0,5.0,5.0,4.0,4.0,5.0,5.0,5.0,5.0,5.0,5.0,6.0,5.0,5.0,5.0,5.0
2024.0,Paraná,Rural,Estadual,4.0,7.0,4.0,5.0,4.0,5.0,4.0,4.0,4.0,4.0,4.0,5.0,5.0,5.0,5.0,6.0,6.0,6.0,6.0,4.0,5.0
2024.0,Paraná,Total,Municipal,7.0,9.0,5.0,5.0,5.0,5.0,5.0,5.0,5.0,5.0,5.0,5.0,5.0,5.0,5.0,6.0,6.0,6.0,6.0,6.0,5.0
2024.0,Paraná,Urbana,Municipal,7.0,9.0,6.0,5.0,5.0,5.0,5.0,5.0,5.0,5.0,5.0,5.0,5.0,5.0,5.0,6.0,6.0,6.0,6.0,6.0,5.0
2024.0,Paraná,Rural,Municipal,5.0,8.0,4.0,4.0,4.0,5.0,4.0,4.0,4.0,4.0,4.0,6.0,6.0,5.0,5.0,6.0,6.0,6.0,6.0,6.0,5.0
2024.0,Paraná,Total,Privada,7.0,8.0,5.0,5.0,5.0,5.0,5.0,5.0,5.0,5.0,5.0,5.0,5.0,5.0,5.0,5.0,5.0,5.0,6.0,8.0,4.0
2024.0,Paraná,Urbana,Privada,7.0,8.0,5.0,5.0,5.0,5.0,5.0,5.0,5.0,5.0,5.0,5.0,5.0,5.0,5.0,5.0,5.0,5.0,6.0,8.0,4.0
2024.0,Paraná,Rural,Privada,4.0,4.0,4.0,4.0,4.0,4.0,4.0,4.0,4.0,4.0,4.0,4.0,4.0,4.0,4.0,6.0,6.0,6.0,6.0,6.0,5.0
2024.0,Paraná,Total,Pública,7.0,9.0,5.0,5.0,5.0,5.0,5.0,5.0,5.0,5.0,5.0,5.0,5.0,5.0,5.0,5.0,6.0,5.0,5.0,5.0,6.0
2024.0,Paraná,Urbana,Pública,7.0,9.0,6.0,5.0,5.0,5.0,5.0,5.0,5.0,5.0,5.0,5.0,5.0,5.0,5.0,5.0,6.0,5.0,5.0,5.0,6.0
2024.0,Paraná,Rural,Pública,5.0,8.0,4.0,5.0,4.0,5.0,4.0,4.0,4.0,4.0,4.0,5.0,5.0,5.0,5.0,6.0,6.0,6.0,6.0,4.0,5.0
2024.0,Santa Catarina,Total,Total,7.0,9.0,6.0,4.0,4.0,4.0,4.0,5.0,4.0,4.0,4.0,4.0,4.0,4.0,4.0,4.0,4.0,5.0,4.0,4.0,3.0
2024.0,Santa Catarina,Urbana,Total,7.0,9.0,6.0,4.0,4.0,4.0,4.0,5.0,4.0,4.0,4.0,4.0,4.0,4.0,4.0,4.0,4.0,4.0,4.0,4.0,3.0
2024.0,Santa Catarina,Rural,Total,7.0,10.0,5.0,4.0,5.0,4.0,4.0,5.0,5.0,4.0,4.0,4.0,4.0,4.0,4.0,5.0,5.0,5.0,6.0,4.0,5.0
2024.0,Santa Catarina,Total,Federal,4.0,4.0,4.0,5.0,5.0,5.0,4.0,5.0,5.0,5.0,5.0,5.0,5.0,5.0,5.0,8.0,8.0,8.0,8.0,4.0,5.0
2024.0,Santa Catarina,Urbana,Federal,4.0,4.0,4.0,5.0,5.0,5.0,4.0,5.0,5.0,5.0,5.0,5.0,5.0,5.0,5.0,8.0,8.0,8.0,8.0,4.0,5.0
2024.0,Santa Catarina,Rural,Federal,6.0,7.0,5.0,5.0,5.0,5.0,5.0,5.0,5.0,5.0,5.0,5.0,5.0,5.0,5.0,8.0,8.0,8.0,8.0,6.0,5.0
2024.0,Santa Catarina,Total,Estadual,12.0,12.0,12.0,4.0,4.0,4.0,4.0,4.0,4.0,4.0,4.0,4.0,4.0,4.0,4.0,4.0,4.0,4.0,4.0,4.0,3.0
2024.0,Santa Catarina,Urbana,Estadual,12.0,12.0,12.0,4.0,4.0,4.0,4.0,4.0,4.0,4.0,4.0,4.0,4.0,4.0,4.0,4.0,4.0,4.0,4.0,4.0,3.0
2024.0,Santa Catarina,Rural,Estadual,6.0,7.0,5.0,4.0,4.0,4.0,4.0,4.0,4.0,4.0,4.0,4.0,4.0,4.0,4.0,5.0,4.0,5.0,5.0,4.0,5.0
2024.0,Santa Catarina,Total,Municipal,7.0,9.0,5.0,4.0,4.0,4.0,4.0,5.0,4.0,4.0,4.0,4.0,4.0,4.0,4.0,6.0,6.0,6.0,6.0,4.0,5.0
2024.0,Santa Catarina,Urbana,Municipal,7.0,9.0,5.0,4.0,4.0,4.0,4.0,5.0,4.0,4.0,4.0,4.0,4.0,4.0,4.0,6.0,6.0,6.0,6.0,6.0,5.0
2024.0,Santa Catarina,Rural,Municipal,7.0,9.0,5.0,5.0,5.0,5.0,5.0,5.0,5.0,5.0,5.0,4.0,5.0,5.0,4.0,8.0,8.0,8.0,8.0,4.0,5.0
2024.0,Santa Catarina,Total,Privada,8.0,9.0,7.0,5.0,5.0,5.0,5.0,5.0,5.0,5.0,5.0,5.0,5.0,5.0,5.0,5.0,5.0,5.0,5.0,6.0,3.0
2024.0,Santa Catarina,Urbana,Privada,8.0,9.0,7.0,5.0,5.0,5.0,5.0,5.0,5.0,5.0,5.0,5.0,5.0,5.0,5.0,5.0,5.0,5.0,5.0,6.0,3.0
2024.0,Santa Catarina,Rural,Privada,10.0,11.0,8.0,4.0,4.0,4.0,4.0,4.0,4.0,4.0,5.0,4.0,4.0,4.0,4.0,4.0,4.0,4.0,5.0,6.0,5.0
2024.0,Santa Catarina,Total,Pública,7.0,9.0,5.0,4.0,4.0,4.0,4.0,5.0,4.0,4.0,4.0,4.0,4.0,4.0,4.0,4.0,4.0,4.0,4.0,4.0,3.0
2024.0,Santa Catarina,Urbana,Pública,7.0,9.0,5.0,4.0,4.0,4.0,4.0,4.0,4.0,4.0,4.0,4.0,4.0,4.0,4.0,4.0,4.0,4.0,4.0,4.0,3.0
2024.0,Santa Catarina,Rural,Pública,7.0,9.0,5.0,4.0,5.0,4.0,4.0,5.0,5.0,5.0,4.0,4.0,4.0,4.0,4.0,5.0,5.0,5.0,6.0,4.0,5.0
2024.0,Rio Grande do Sul,Total,Total,8.0,10.0,6.0,5.0,5.0,4.0,5.0,5.0,5.0,5.0,5.0,4.0,4.0,4.0,4.0,5.0,6.0,5.0,5.0,5.0,3.0
2024.0,Rio Grande do Sul,Urbana,Total,8.0,10.0,6.0,5.0,5.0,4.0,5.0,5.0,5.0,5.0,5.0,4.0,4.0,4.0,4.0,5.0,6.0,5.0,5.0,5.0,3.0
2024.0,Rio Grande do Sul,Rural,Total,6.0,9.0,5.0,5.0,5.0,5.0,5.0,5.0,5.0,5.0,5.0,5.0,5.0,5.0,5.0,7.0,7.0,7.0,7.0,8.0,5.0
2024.0,Rio Grande do Sul,Total,Federal,7.0,6.0,7.0,5.0,6.0,5.0,6.0,5.0,6.0,6.0,6.0,5.0,5.0,5.0,5.0,7.0,7.0,7.0,7.0,5.0,5.0
2024.0,Rio Grande do Sul,Urbana,Federal,7.0,6.0,7.0,5.0,6.0,5.0,6.0,5.0,6.0,6.0,6.0,5.0,5.0,5.0,5.0,6.0,6.0,6.0,6.0,5.0,5.0
2024.0,Rio Grande do Sul,Rural,Federal,6.0,7.0,5.0,5.0,5.0,5.0,5.0,5.0,5.0,5.0,5.0,5.0,5.0,5.0,5.0,8.0,8.0,8.0,9.0,7.0,5.0
2024.0,Rio Grande do Sul,Total,Estadual,5.0,10.0,5.0,5.0,5.0,4.0,5.0,5.0,5.0,5.0,5.0,4.0,4.0,5.0,5.0,5.0,6.0,5.0,5.0,4.0,5.0
2024.0,Rio Grande do Sul,Urbana,Estadual,6.0,10.0,6.0,5.0,5.0,5.0,5.0,5.0,5.0,5.0,5.0,4.0,4.0,5.0,5.0,5.0,6.0,5.0,5.0,4.0,5.0
2024.0,Rio Grande do Sul,Rural,Estadual,4.0,7.0,4.0,4.0,4.0,4.0,4.0,4.0,4.0,4.0,4.0,4.0,4.0,4.0,5.0,6.0,6.0,6.0,6.0,8.0,5.0
2024.0,Rio Grande do Sul,Total,Municipal,7.0,10.0,6.0,5.0,5.0,4.0,5.0,5.0,5.0,5.0,5.0,4.0,4.0,4.0,4.0,5.0,5.0,5.0,5.0,6.0,5.0
2024.0,Rio Grande do Sul,Urbana,Municipal,7.0,10.0,6.0,4.0,5.0,4.0,5.0,5.0,5.0,5.0,5.0,4.0,4.0,4.0,4.0,5.0,5.0,5.0,5.0,6.0,5.0
2024.0,Rio Grande do Sul,Rural,Municipal,6.0,9.0,5.0,5.0,5.0,5.0,5.0,5.0,5.0,5.0,5.0,5.0,5.0,5.0,5.0,5.0,5.0,5.0,6.0,6.0,5.0
2024.0,Rio Grande do Sul,Total,Privada,9.0,10.0,8.0,5.0,4.0,5.0,5.0,4.0,4.0,4.0,4.0,5.0,5.0,5.0,5.0,6.0,6.0,6.0,6.0,4.0,3.0
2024.0,Rio Grande do Sul,Urbana,Privada,9.0,10.0,8.0,5.0,4.0,5.0,5.0,4.0,4.0,4.0,4.0,5.0,5.0,5.0,5.0,6.0,6.0,6.0,6.0,4.0,3.0
2024.0,Rio Grande do Sul,Rural,Privada,9.0,10.0,7.0,4.0,4.0,4.0,4.0,4.0,5.0,4.0,4.0,4.0,4.0,4.0,4.0,8.0,8.0,8.0,9.0,6.0,5.0
2024.0,Rio Grande do Sul,Total,Pública,7.0,10.0,6.0,5.0,5.0,4.0,5.0,5.0,5.0,5.0,5.0,4.0,4.0,4.0,4.0,5.0,6.0,5.0,5.0,5.0,5.0
2024.0,Rio Grande do Sul,Urbana,Pública,7.0,10.0,6.0,5.0,5.0,4.0,5.0,5.0,5.0,5.0,5.0,4.0,4.0,4.0,4.0,5.0,6.0,5.0,5.0,5.0,5.0
2024.0,Rio Grande do Sul,Rural,Pública,6.0,9.0,5.0,5.0,5.0,5.0,5.0,5.0,5.0,5.0,5.0,5.0,5.0,5.0,5.0,7.0,7.0,7.0,7.0,8.0,5.0
2024.0,Mato Grosso do Sul,Total,Total,6.0,8.0,4.0,5.0,5.0,5.0,4.0,5.0,5.0,5.0,5.0,5.0,5.0,5.0,5.0,6.0,6.0,6.0,6.0,4.0,5.0
2024.0,Mato Grosso do Sul,Urbana,Total,6.0,8.0,4.0,5.0,5.0,5.0,4.0,5.0,5.0,5.0,5.0,5.0,5.0,5.0,5.0,6.0,6.0,6.0,6.0,4.0,5.0
2024.0,Mato Grosso do Sul,Rural,Total,5.0,6.0,5.0,5.0,5.0,5.0,5.0,5.0,5.0,5.0,5.0,5.0,5.0,5.0,5.0,6.0,6.0,6.0,6.0,4.0,7.0
2024.0,Mato Grosso do Sul,Total,Federal,6.0,7.0,5.0,5.0,5.0,5.0,5.0,5.0,5.0,5.0,5.0,5.0,5.0,5.0,5.0,6.0,5.0,5.0,5.0,6.0,6.0
2024.0,Mato Grosso do Sul,Urbana,Federal,6.0,7.0,5.0,5.0,5.0,5.0,5.0,5.0,5.0,5.0,5.0,5.0,5.0,5.0,5.0,5.0,5.0,5.0,5.0,6.0,5.0
2024.0,Mato Grosso do Sul,Rural,Federal,6.0,7.0,5.0,5.0,5.0,5.0,5.0,5.0,5.0,5.0,5.0,5.0,5.0,5.0,5.0,6.0,5.0,5.0,5.0,6.0,8.0
2024.0,Mato Grosso do Sul,Total,Estadual,10.0,10.0,10.0,6.0,6.0,6.0,4.0,4.0,4.0,7.0,8.0,6.0,6.0,6.0,5.0,6.0,6.0,6.0,6.0,4.0,5.0
2024.0,Mato Grosso do Sul,Urbana,Estadual,10.0,10.0,10.0,6.0,7.0,6.0,4.0,5.0,4.0,8.0,8.0,6.0,6.0,6.0,5.0,6.0,6.0,6.0,6.0,4.0,4.0
2024.0,Mato Grosso do Sul,Rural,Estadual,6.0,7.0,5.0,5.0,4.0,5.0,4.0,4.0,4.0,5.0,5.0,5.0,5.0,5.0,5.0,6.0,6.0,6.0,6.0,4.0,6.0
2024.0,Mato Grosso do Sul,Total,Municipal,6.0,8.0,4.0,5.0,5.0,5.0,4.0,5.0,5.0,5.0,5.0,5.0,5.0,5.0,5.0,8.0,8.0,8.0,8.0,6.0,5.0
2024.0,Mato Grosso do Sul,Urbana,Municipal,6.0,8.0,4.0,5.0,5.0,4.0,4.0,5.0,5.0,5.0,5.0,4.0,5.0,5.0,4.0,6.0,6.0,6.0,6.0,6.0,5.0
2024.0,Mato Grosso do Sul,Rural,Municipal,5.0,6.0,5.0,5.0,5.0,5.0,5.0,5.0,5.0,5.0,5.0,5.0,5.0,5.0,5.0,8.0,8.0,8.0,8.0,6.0,5.0
2024.0,Mato Grosso do Sul,Total,Privada,5.0,6.0,5.0,5.0,5.0,5.0,4.0,5.0,5.0,5.0,5.0,5.0,5.0,5.0,5.0,7.0,7.0,7.0,7.0,6.0,3.0
2024.0,Mato Grosso do Sul,Urbana,Privada,5.0,6.0,5.0,5.0,5.0,5.0,4.0,5.0,4.0,5.0,5.0,5.0,5.0,5.0,5.0,7.0,7.0,7.0,7.0,6.0,3.0
2024.0,Mato Grosso do Sul,Rural,Privada,5.0,6.0,4.0,10.0,10.0,10.0,4.0,10.0,10.0,10.0,10.0,10.0,10.0,10.0,10.0,9.0,9.0,9.0,9.0,6.0,5.0
2024.0,Mato Grosso do Sul,Total,Pública,6.0,8.0,4.0,5.0,5.0,5.0,4.0,5.0,5.0,5.0,5.0,5.0,5.0,5.0,5.0,6.0,6.0,6.0,6.0,4.0,5.0
2024.0,Mato Grosso do Sul,Urbana,Pública,6.0,8.0,4.0,5.0,5.0,5.0,4.0,5.0,5.0,5.0,5.0,5.0,5.0,5.0,5.0,6.0,6.0,6.0,6.0,4.0,5.0
2024.0,Mato Grosso do Sul,Rural,Pública,5.0,6.0,5.0,5.0,5.0,5.0,5.0,5.0,5.0,5.0,5.0,5.0,5.0,5.0,5.0,6.0,6.0,6.0,6.0,4.0,7.0
2024.0,Mato Grosso,Total,Total,5.0,7.0,4.0,4.0,4.0,4.0,4.0,4.0,4.0,4.0,5.0,4.0,4.0,5.0,4.0,5.0,5.0,5.0,5.0,7.0,4.0
2024.0,Mato Grosso,Urbana,Total,5.0,7.0,4.0,4.0,4.0,4.0,4.0,4.0,4.0,4.0,4.0,4.0,4.0,5.0,4.0,5.0,5.0,5.0,5.0,5.0,4.0
2024.0,Mato Grosso,Rural,Total,5.0,6.0,4.0,5.0,5.0,5.0,5.0,5.0,5.0,5.0,5.0,5.0,5.0,5.0,4.0,5.0,6.0,6.0,6.0,10.0,4.0
2024.0,Mato Grosso,Total,Federal,6.0,7.0,5.0,5.0,5.0,5.0,5.0,5.0,5.0,5.0,5.0,5.0,5.0,5.0,5.0,8.0,8.0,8.0,8.0,5.0,5.0
2024.0,Mato Grosso,Urbana,Federal,6.0,7.0,5.0,5.0,5.0,5.0,5.0,5.0,5.0,5.0,5.0,5.0,5.0,5.0,5.0,7.0,8.0,7.0,7.0,5.0,5.0
2024.0,Mato Grosso,Rural,Federal,6.0,7.0,5.0,5.0,5.0,5.0,5.0,5.0,5.0,5.0,5.0,5.0,5.0,5.0,5.0,10.0,9.0,10.0,10.0,6.0,5.0
2024.0,Mato Grosso,Total,Estadual,6.0,7.0,5.0,4.0,4.0,4.0,4.0,4.0,4.0,4.0,5.0,4.0,4.0,4.0,4.0,5.0,5.0,5.0,5.0,10.0,4.0
2024.0,Mato Grosso,Urbana,Estadual,6.0,7.0,5.0,4.0,4.0,4.0,4.0,4.0,4.0,5.0,5.0,4.0,4.0,4.0,4.0,5.0,5.0,5.0,5.0,6.0,4.0
2024.0,Mato Grosso,Rural,Estadual,6.0,7.0,5.0,4.0,4.0,4.0,4.0,4.0,4.0,4.0,4.0,4.0,4.0,4.0,4.0,5.0,5.0,5.0,5.0,10.0,4.0
2024.0,Mato Grosso,Total,Municipal,5.0,7.0,4.0,4.0,4.0,5.0,4.0,4.0,4.0,4.0,5.0,4.0,5.0,5.0,5.0,6.0,6.0,6.0,6.0,6.0,5.0
2024.0,Mato Grosso,Urbana,Municipal,5.0,7.0,4.0,4.0,4.0,4.0,4.0,4.0,4.0,4.0,4.0,4.0,5.0,5.0,5.0,6.0,6.0,6.0,6.0,6.0,5.0
2024.0,Mato Grosso,Rural,Municipal,5.0,6.0,4.0,5.0,5.0,5.0,5.0,5.0,5.0,5.0,5.0,5.0,5.0,5.0,5.0,6.0,6.0,6.0,6.0,6.0,5.0
2024.0,Mato Grosso,Total,Privada,5.0,6.0,5.0,5.0,4.0,5.0,4.0,4.0,4.0,4.0,5.0,5.0,5.0,5.0,5.0,6.0,6.0,6.0,6.0,6.0,3.0
2024.0,Mato Grosso,Urbana,Privada,5.0,6.0,5.0,5.0,4.0,5.0,4.0,4.0,4.0,4.0,5.0,5.0,5.0,5.0,5.0,6.0,6.0,6.0,6.0,6.0,3.0
2024.0,Mato Grosso,Rural,Privada,4.0,4.0,4.0,4.0,4.0,5.0,4.0,4.0,4.0,4.0,4.0,5.0,4.0,5.0,4.0,5.0,4.0,6.0,5.0,6.0,5.0
2024.0,Mato Grosso,Total,Pública,5.0,7.0,4.0,4.0,4.0,4.0,4.0,4.0,4.0,4.0,5.0,4.0,4.0,4.0,4.0,5.0,5.0,5.0,5.0,7.0,4.0
2024.0,Mato Grosso,Urbana,Pública,5.0,7.0,4.0,4.0,4.0,4.0,4.0,4.0,4.0,4.0,4.0,4.0,4.0,4.0,4.0,5.0,5.0,5.0,5.0,5.0,4.0
2024.0,Mato Grosso,Rural,Pública,5.0,6.0,4.0,5.0,5.0,5.0,5.0,5.0,5.0,5.0,5.0,5.0,5.0,5.0,4.0,5.0,6.0,6.0,6.0,10.0,4.0
2024.0,Goiás,Total,Total,6.0,8.0,5.0,5.0,5.0,5.0,5.0,5.0,5.0,5.0,5.0,5.0,5.0,5.0,5.0,6.0,6.0,6.0,6.0,5.0,3.0
2024.0,Goiás,Urbana,Total,6.0,8.0,5.0,5.0,5.0,5.0,5.0,5.0,5.0,5.0,5.0,5.0,5.0,5.0,5.0,6.0,6.0,6.0,6.0,5.0,3.0
2024.0,Goiás,Rural,Total,5.0,7.0,5.0,5.0,5.0,5.0,5.0,5.0,5.0,5.0,5.0,5.0,5.0,5.0,5.0,6.0,7.0,6.0,6.0,6.0,5.0
2024.0,Goiás,Total,Federal,7.0,7.0,7.0,6.0,5.0,6.0,5.0,5.0,5.0,5.0,5.0,6.0,6.0,6.0,6.0,10.0,10.0,10.0,10.0,5.0,5.0
2024.0,Goiás,Urbana,Federal,7.0,7.0,7.0,6.0,5.0,6.0,5.0,5.0,5.0,5.0,5.0,6.0,6.0,6.0,6.0,9.0,9.0,9.0,9.0,5.0,5.0
2024.0,Goiás,Rural,Federal,6.0,7.0,5.0,5.0,5.0,5.0,5.0,5.0,5.0,5.0,5.0,5.0,5.0,5.0,5.0,11.0,11.0,11.0,10.0,6.0,5.0
2024.0,Goiás,Total,Estadual,10.0,10.0,5.0,6.0,4.0,6.0,4.0,4.0,4.0,4.0,4.0,5.0,5.0,6.0,6.0,6.0,6.0,6.0,5.0,6.0,6.0
2024.0,Goiás,Urbana,Estadual,10.0,10.0,5.0,6.0,4.0,6.0,4.0,4.0,4.0,4.0,5.0,5.0,5.0,6.0,6.0,6.0,6.0,6.0,5.0,6.0,6.0
2024.0,Goiás,Rural,Estadual,6.0,7.0,5.0,5.0,4.0,5.0,4.0,4.0,4.0,4.0,4.0,5.0,5.0,5.0,5.0,4.0,5.0,4.0,4.0,6.0,5.0
2024.0,Goiás,Total,Municipal,6.0,9.0,5.0,5.0,5.0,5.0,5.0,5.0,5.0,5.0,5.0,5.0,5.0,5.0,5.0,5.0,6.0,5.0,5.0,6.0,5.0
2024.0,Goiás,Urbana,Municipal,6.0,9.0,5.0,5.0,5.0,5.0,5.0,5.0,5.0,5.0,5.0,5.0,5.0,5.0,5.0,6.0,6.0,5.0,5.0,6.0,5.0
2024.0,Goiás,Rural,Municipal,5.0,6.0,4.0,5.0,5.0,5.0,5.0,5.0,5.0,5.0,5.0,5.0,5.0,5.0,5.0,4.0,4.0,4.0,4.0,6.0,5.0
2024.0,Goiás,Total,Privada,6.0,6.0,5.0,5.0,4.0,5.0,4.0,4.0,4.0,4.0,4.0,5.0,5.0,5.0,5.0,6.0,6.0,6.0,6.0,5.0,3.0
2024.0,Goiás,Urbana,Privada,6.0,6.0,5.0,5.0,4.0,5.0,4.0,4.0,4.0,4.0,4.0,5.0,5.0,5.0,5.0,6.0,6.0,5.0,6.0,5.0,3.0
2024.0,Goiás,Rural,Privada,6.0,8.0,5.0,5.0,5.0,5.0,5.0,5.0,5.0,5.0,5.0,5.0,5.0,5.0,5.0,7.0,7.0,7.0,7.0,6.0,5.0
2024.0,Goiás,Total,Pública,6.0,9.0,5.0,5.0,5.0,5.0,5.0,5.0,5.0,5.0,5.0,5.0,5.0,5.0,5.0,6.0,6.0,6.0,6.0,5.0,6.0
2024.0,Goiás,Urbana,Pública,6.0,9.0,5.0,5.0,5.0,5.0,5.0,5.0,5.0,5.0,5.0,5.0,5.0,5.0,5.0,6.0,6.0,6.0,6.0,5.0,6.0
2024.0,Goiás,Rural,Pública,5.0,6.0,4.0,5.0,5.0,5.0,5.0,5.0,5.0,5.0,5.0,5.0,5.0,5.0,5.0,6.0,6.0,6.0,6.0,6.0,5.0
2024.0,Distrito Federal,Total,Total,6.0,8.0,5.0,5.0,5.0,5.0,5.0,5.0,5.0,5.0,5.0,5.0,5.0,5.0,5.0,5.0,5.0,5.0,5.0,6.0,3.0
2024.0,Distrito Federal,Urbana,Total,6.0,8.0,5.0,5.0,5.0,5.0,5.0,5.0,5.0,5.0,5.0,5.0,5.0,5.0,5.0,5.0,5.0,5.0,5.0,6.0,3.0
2024.0,Distrito Federal,Rural,Total,6.0,8.0,6.0,6.0,6.0,6.0,6.0,6.0,6.0,6.0,6.0,6.0,6.0,6.0,6.0,6.0,6.0,6.0,6.0,6.0,5.0
2024.0,Distrito Federal,Total,Federal,6.0,7.0,5.0,5.0,5.0,5.0,5.0,5.0,5.0,5.0,5.0,5.0,5.0,5.0,5.0,6.0,6.0,6.0,6.0,6.0,5.0
2024.0,Distrito Federal,Urbana,Federal,6.0,7.0,5.0,5.0,5.0,5.0,5.0,5.0,5.0,5.0,5.0,5.0,5.0,5.0,5.0,6.0,6.0,6.0,6.0,6.0,5.0
2024.0,Distrito Federal,Rural,Federal,6.0,7.0,5.0,5.0,5.0,5.0,5.0,5.0,5.0,5.0,5.0,5.0,5.0,5.0,5.0,8.0,8.0,8.0,8.0,6.0,5.0
2024.0,Distrito Federal,Total,Estadual,5.0,8.0,5.0,5.0,5.0,5.0,5.0,5.0,5.0,6.0,6.0,5.0,5.0,5.0,5.0,5.0,5.0,5.0,5.0,6.0,5.0
2024.0,Distrito Federal,Urbana,Estadual,5.0,8.0,5.0,5.0,5.0,5.0,5.0,5.0,5.0,5.0,5.0,5.0,5.0,5.0,5.0,5.0,5.0,5.0,5.0,6.0,5.0
2024.0,Distrito Federal,Rural,Estadual,6.0,7.0,6.0,6.0,6.0,5.0,6.0,6.0,6.0,6.0,6.0,6.0,5.0,5.0,5.0,5.0,5.0,5.0,5.0,6.0,5.0
2024.0,Distrito Federal,Total,Privada,7.0,8.0,6.0,5.0,5.0,5.0,5.0,5.0,5.0,5.0,5.0,5.0,5.0,5.0,5.0,6.0,6.0,6.0,6.0,6.0,3.0
2024.0,Distrito Federal,Urbana,Privada,7.0,8.0,6.0,5.0,5.0,5.0,5.0,5.0,5.0,5.0,5.0,5.0,5.0,5.0,5.0,6.0,6.0,6.0,6.0,6.0,3.0
2024.0,Distrito Federal,Rural,Privada,8.0,8.0,6.0,8.0,4.0,9.0,4.0,4.0,4.0,4.0,4.0,5.0,9.0,9.0,8.0,6.0,6.0,6.0,6.0,6.0,5.0
2024.0,Distrito Federal,Total,Pública,5.0,8.0,5.0,5.0,5.0,5.0,5.0,5.0,5.0,6.0,6.0,5.0,5.0,5.0,5.0,5.0,5.0,5.0,5.0,6.0,5.0
2024.0,Distrito Federal,Urbana,Pública,5.0,8.0,5.0,5.0,5.0,5.0,5.0,5.0,5.0,5.0,5.0,5.0,5.0,5.0,5.0,5.0,5.0,5.0,5.0,6.0,5.0
2024.0,Distrito Federal,Rural,Pública,6.0,7.0,6.0,6.0,6.0,5.0,6.0,6.0,6.0,6.0,6.0,6.0,5.0,5.0,5.0,6.0,6.0,6.0,6.0,6.0,5.0
2024.0,Amazonas,Total,Estadual,6.0,7.0,5.0,5.0,5.0,5.0,5.0,5.0,5.0,5.0,5.0,5.0,5.0,5.0,5.0,6.0,6.0,6.0,6.0,6.0,5.0
2024.0,Amazonas,Total,Estadual,6.0,7.0,5.0,5.0,5.0,5.0,5.0,5.0,5.0,5.0,5.0,5.0,5.0,5.0,5.0,6.0,6.0,6.0,6.0,6.0,5.0
2024.0,Amazonas,Total,Estadual,6.0,7.0,5.0,5.0,5.0,5.0,5.0,5.0,5.0,5.0,5.0,5.0,5.0,5.0,5.0,6.0,6.0,6.0,6.0,6.0,5.0
